0, 52.4005, 9.99469, -0, 0, -0, 0
0.001, 52.3999, 9.99576, -1.23125, 2.14586, -1231.25, 2145.86
0.002, 52.398, 9.99898, -2.46168, 4.29035, -1230.43, 2144.49
0.003, 52.3949, 10.0043, -3.69049, 6.43209, -1228.81, 2141.73
0.004, 52.3906, 10.0118, -4.91688, 8.5697, -1226.38, 2137.62
0.005, 52.3851, 10.0215, -6.14004, 10.7019, -1223.16, 2132.15
0.006, 52.3784, 10.0332, -7.35919, 12.8272, -1219.15, 2125.34
0.007, 52.3704, 10.0471, -8.57355, 14.9444, -1214.37, 2117.23
0.008, 52.3612, 10.0631, -9.78238, 17.0522, -1208.82, 2107.82
0.009, 52.3508, 10.0812, -10.9849, 19.1494, -1202.54, 2097.16
0.01, 52.3392, 10.1014, -12.1804, 21.2347, -1195.53, 2085.27
0.011, 52.3265, 10.1237, -13.3683, 23.3069, -1187.82, 2072.19
0.012, 52.3125, 10.148, -14.5477, 25.3648, -1179.43, 2057.97
0.013, 52.2974, 10.1744, -15.7181, 27.4075, -1170.39, 2042.63
0.014, 52.2811, 10.2029, -16.8788, 29.4337, -1160.72, 2026.23
0.015, 52.2636, 10.2333, -18.0293, 31.4425, -1150.46, 2008.81
0.016, 52.245, 10.2657, -19.1689, 33.4329, -1139.62, 1990.43
0.017, 52.2253, 10.3002, -20.2971, 35.4041, -1128.24, 1971.12
0.018, 52.2044, 10.3366, -21.4135, 37.355, -1116.35, 1950.95
0.019, 52.1825, 10.3749, -22.5174, 39.285, -1103.98, 1929.97
0.02, 52.1594, 10.4151, -23.6086, 41.1932, -1091.16, 1908.22
0.021, 52.1352, 10.4573, -24.6865, 43.079, -1077.93, 1885.77
0.022, 52.11, 10.5013, -25.7508, 44.9416, -1064.31, 1862.67
0.023, 52.0837, 10.5471, -26.8012, 46.7806, -1050.34, 1838.97
0.024, 52.0564, 10.5948, -27.8372, 48.5953, -1036.05, 1814.73
0.025, 52.0281, 10.6443, -28.8587, 50.3853, -1021.47, 1790
0.026, 51.9987, 10.6956, -29.8653, 52.1502, -1006.64, 1764.82
0.027, 51.9683, 10.7486, -30.8569, 53.8894, -991.572, 1739.27
0.028, 51.937, 10.8034, -31.8332, 55.6028, -976.311, 1713.38
0.029, 51.9047, 10.8598, -32.7941, 57.29, -960.881, 1687.2
0.03, 51.8714, 10.918, -33.7394, 58.9508, -945.312, 1660.78
0.031, 51.8372, 10.9777, -34.669, 60.585, -929.629, 1634.17
0.032, 51.8021, 11.0391, -35.5829, 62.1924, -913.86, 1607.42
0.033, 51.766, 11.1021, -36.4809, 63.7729, -898.03, 1580.56
0.034, 51.7291, 11.1667, -37.3631, 65.3266, -882.163, 1553.64
0.035, 51.6913, 11.2328, -38.2294, 66.8533, -866.282, 1526.69
0.036, 51.6526, 11.3004, -39.0798, 68.353, -850.409, 1499.76
0.037, 51.6131, 11.3695, -39.9144, 69.8259, -834.566, 1472.88
0.038, 51.5728, 11.44, -40.7331, 71.272, -818.77, 1446.08
0.039, 51.5317, 11.512, -41.5362, 72.6914, -803.043, 1419.39
0.04, 51.4897, 11.5854, -42.3236, 74.0842, -787.399, 1392.85
0.041, 51.447, 11.6602, -43.0954, 75.4507, -771.856, 1366.47
0.042, 51.4035, 11.7363, -43.8519, 76.791, -756.429, 1340.3
0.043, 51.3593, 11.8138, -44.593, 78.1053, -741.132, 1314.34
0.044, 51.3144, 11.8925, -45.319, 79.394, -725.977, 1288.62
0.045, 51.2687, 11.9726, -46.0299, 80.6571, -710.976, 1263.16
0.046, 51.2223, 12.0539, -46.7261, 81.8951, -696.14, 1237.99
0.047, 51.1752, 12.1364, -47.4076, 83.1082, -681.479, 1213.11
0.048, 51.1275, 12.2201, -48.0746, 84.2968, -667.002, 1188.54
0.049, 51.0791, 12.305, -48.7273, 85.4611, -652.716, 1164.3
0.05, 51.03, 12.391, -49.3659, 86.6015, -638.629, 1140.39
0.051, 50.9803, 12.4782, -49.9906, 87.7183, -624.746, 1116.83
0.052, 50.93, 12.5664, -50.6017, 88.8119, -611.074, 1093.62
0.053, 50.8791, 12.6558, -51.1993, 89.8827, -597.616, 1070.79
0.054, 50.8276, 12.7462, -51.7837, 90.931, -584.378, 1048.32
0.055, 50.7756, 12.8377, -52.3551, 91.9572, -571.361, 1026.22
0.056, 50.7229, 12.9301, -52.9136, 92.9617, -558.568, 1004.51
0.057, 50.6697, 13.0236, -53.4596, 93.9449, -546.003, 983.183
0.058, 50.616, 13.118, -53.9933, 94.9072, -533.665, 962.242
0.059, 50.5618, 13.2134, -54.5149, 95.8489, -521.557, 941.69
0.06, 50.507, 13.3097, -55.0245, 96.7704, -509.678, 921.527
0.061, 50.4517, 13.4069, -55.5226, 97.6721, -498.029, 901.753
0.062, 50.3959, 13.5051, -56.0092, 98.5545, -486.609, 882.368
0.063, 50.3397, 13.6041, -56.4846, 99.4179, -475.417, 863.371
0.064, 50.283, 13.7039, -56.9491, 100.263, -464.453, 844.759
0.065, 50.2258, 13.8046, -57.4028, 101.089, -453.715, 826.531
0.066, 50.1682, 13.9061, -57.846, 101.898, -443.202, 808.683
0.067, 50.1101, 14.0084, -58.2789, 102.689, -432.911, 791.213
0.068, 50.0516, 14.1115, -58.7017, 103.463, -422.84, 774.116
0.069, 49.9927, 14.2153, -59.1147, 104.221, -412.986, 757.388
0.07, 49.9334, 14.3199, -59.5181, 104.962, -403.348, 741.026
0.071, 49.8736, 14.4252, -59.912, 105.687, -393.923, 725.024
0.072, 49.8135, 14.5313, -60.2967, 106.396, -384.707, 709.377
0.073, 49.7531, 14.638, -60.6724, 107.09, -375.697, 694.081
0.074, 49.6922, 14.7455, -61.0393, 107.769, -366.891, 679.13
0.075, 49.631, 14.8536, -61.3976, 108.434, -358.285, 664.518
0.076, 49.5694, 14.9623, -61.7474, 109.084, -349.876, 650.24
0.077, 49.5075, 15.0718, -62.0891, 109.72, -341.66, 636.291
0.078, 49.4452, 15.1818, -62.4227, 110.343, -333.634, 622.663
0.079, 49.3826, 15.2924, -62.7485, 110.952, -325.794, 609.352
0.08, 49.3197, 15.4037, -63.0667, 111.549, -318.137, 596.351
0.081, 49.2565, 15.5155, -63.3773, 112.132, -310.66, 583.654
0.082, 49.193, 15.628, -63.6807, 112.704, -303.358, 571.256
0.083, 49.1291, 15.741, -63.9769, 113.263, -296.229, 559.15
0.084, 49.065, 15.8545, -64.2662, 113.81, -289.268, 547.33
0.085, 49.0006, 15.9686, -64.5486, 114.346, -282.472, 535.79
0.086, 48.9359, 16.0832, -64.8245, 114.87, -275.837, 524.524
0.087, 48.8709, 16.1983, -65.0938, 115.384, -269.361, 513.527
0.088, 48.8057, 16.314, -65.3569, 115.887, -263.039, 502.791
0.089, 48.7402, 16.4301, -65.6138, 116.379, -256.868, 492.313
0.09, 48.6745, 16.5467, -65.8646, 116.861, -250.845, 482.084
0.091, 48.6085, 16.6638, -66.1096, 117.333, -244.965, 472.101
0.092, 48.5423, 16.7814, -66.3488, 117.796, -239.227, 462.356
0.093, 48.4758, 16.8994, -66.5824, 118.248, -233.626, 452.846
0.094, 48.4091, 17.0179, -66.8106, 118.692, -228.16, 443.563
0.095, 48.3422, 17.1368, -67.0334, 119.126, -222.824, 434.503
0.096, 48.275, 17.2562, -67.251, 119.552, -217.617, 425.66
0.097, 48.2077, 17.3759, -67.4636, 119.969, -212.534, 417.03
0.098, 48.1401, 17.4961, -67.6711, 120.378, -207.573, 408.606
0.099, 48.0723, 17.6167, -67.8739, 120.778, -202.731, 400.384
0.1, 48.0044, 17.7377, -68.0719, 121.17, -198.005, 392.359
0.101, 47.9362, 17.859, -68.2653, 121.555, -193.392, 384.526
0.102, 47.8678, 17.9808, -68.4541, 121.932, -188.89, 376.881
0.103, 47.7993, 18.1029, -68.6386, 122.301, -184.494, 369.418
0.104, 47.7305, 18.2254, -68.8188, 122.663, -180.204, 362.133
0.105, 47.6616, 18.3482, -68.9949, 123.018, -176.015, 355.022
0.106, 47.5925, 18.4714, -69.1668, 123.367, -171.926, 348.08
0.107, 47.5233, 18.595, -69.3347, 123.708, -167.935, 341.303
0.108, 47.4539, 18.7188, -69.4988, 124.042, -164.037, 334.686
0.109, 47.3843, 18.8431, -69.659, 124.371, -160.232, 328.227
0.11, 47.3146, 18.9676, -69.8155, 124.693, -156.517, 321.92
0.111, 47.2447, 19.0924, -69.9684, 125.008, -152.889, 315.762
0.112, 47.1746, 19.2176, -70.1177, 125.318, -149.347, 309.749
0.113, 47.1044, 19.3431, -70.2636, 125.622, -145.888, 303.877
0.114, 47.0341, 19.4689, -70.4061, 125.92, -142.509, 298.143
0.115, 46.9636, 19.5949, -70.5453, 126.213, -139.21, 292.544
0.116, 46.893, 19.7213, -70.6813, 126.5, -135.987, 287.075
0.117, 46.8223, 19.8479, -70.8142, 126.782, -132.84, 281.733
0.118, 46.7514, 19.9749, -70.9439, 127.058, -129.765, 276.516
0.119, 46.6804, 20.1021, -71.0707, 127.329, -126.761, 271.42
0.12, 46.6092, 20.2295, -71.1945, 127.596, -123.827, 266.441
0.121, 46.538, 20.3572, -71.3155, 127.857, -120.96, 261.577
0.122, 46.4666, 20.4852, -71.4336, 128.114, -118.158, 256.826
0.123, 46.3951, 20.6135, -71.5491, 128.366, -115.421, 252.183
0.124, 46.3235, 20.742, -71.6618, 128.614, -112.746, 247.647
0.125, 46.2518, 20.8707, -71.7719, 128.857, -110.132, 243.214
0.126, 46.18, 20.9997, -71.8795, 129.096, -107.577, 238.882
0.127, 46.108, 21.1289, -71.9846, 129.331, -105.08, 234.648
0.128, 46.036, 21.2584, -72.0872, 129.561, -102.639, 230.51
0.129, 45.9638, 21.388, -72.1875, 129.788, -100.253, 226.466
0.13, 45.8916, 21.5179, -72.2854, 130.01, -97.9205, 222.513
0.131, 45.8193, 21.6481, -72.3811, 130.229, -95.6398, 218.648
0.132, 45.7468, 21.7784, -72.4745, 130.444, -93.4098, 214.87
0.133, 45.6743, 21.909, -72.5657, 130.655, -91.2291, 211.175
0.134, 45.6017, 22.0397, -72.6548, 130.863, -89.0967, 207.564
0.135, 45.529, 22.1707, -72.7418, 131.067, -87.0111, 204.032
0.136, 45.4562, 22.3018, -72.8268, 131.267, -84.9712, 200.578
0.137, 45.3834, 22.4332, -72.9098, 131.464, -82.976, 197.2
0.138, 45.3104, 22.5648, -72.9908, 131.658, -81.0241, 193.896
0.139, 45.2374, 22.6965, -73.0699, 131.849, -79.1146, 190.665
0.14, 45.1643, 22.8285, -73.1471, 132.037, -77.2464, 187.504
0.141, 45.0911, 22.9606, -73.2226, 132.221, -75.4184, 184.412
0.142, 45.0178, 23.0929, -73.2962, 132.402, -73.6296, 181.387
0.143, 44.9445, 23.2254, -73.3681, 132.581, -71.879, 178.427
0.144, 44.8711, 23.3581, -73.4382, 132.756, -70.1658, 175.531
0.145, 44.7976, 23.4909, -73.5067, 132.929, -68.4889, 172.697
0.146, 44.7241, 23.624, -73.5736, 133.099, -66.8474, 169.924
0.147, 44.6505, 23.7571, -73.6388, 133.266, -65.2405, 167.21
0.148, 44.5768, 23.8905, -73.7025, 133.431, -63.6673, 164.553
0.149, 44.5031, 24.024, -73.7646, 133.593, -62.127, 161.953
0.15, 44.4293, 24.1577, -73.8252, 133.752, -60.6187, 159.408
0.151, 44.3554, 24.2915, -73.8844, 133.909, -59.1417, 156.916
0.152, 44.2815, 24.4255, -73.9421, 134.063, -57.6952, 154.477
0.153, 44.2075, 24.5596, -73.9983, 134.215, -56.2785, 152.088
0.154, 44.1335, 24.6939, -74.0532, 134.365, -54.8908, 149.749
0.155, 44.0594, 24.8284, -74.1068, 134.513, -53.5314, 147.459
0.156, 43.9853, 24.963, -74.159, 134.658, -52.1996, 145.216
0.157, 43.9111, 25.0977, -74.2099, 134.801, -50.8947, 143.02
0.158, 43.8369, 25.2326, -74.2595, 134.942, -49.6162, 140.868
0.159, 43.7626, 25.3676, -74.3078, 135.081, -48.3633, 138.761
0.16, 43.6882, 25.5027, -74.355, 135.217, -47.1355, 136.696
0.161, 43.6139, 25.638, -74.4009, 135.352, -45.9321, 134.674
0.162, 43.5394, 25.7734, -74.4457, 135.485, -44.7526, 132.692
0.163, 43.465, 25.909, -74.4892, 135.615, -43.5963, 130.751
0.164, 43.3905, 26.0447, -74.5317, 135.744, -42.4628, 128.848
0.165, 43.3159, 26.1805, -74.5731, 135.871, -41.3515, 126.984
0.166, 43.2413, 26.3164, -74.6133, 135.996, -40.2618, 125.157
0.167, 43.1667, 26.4525, -74.6525, 136.12, -39.1932, 123.367
0.168, 43.092, 26.5886, -74.6907, 136.241, -38.1453, 121.612
0.169, 43.0173, 26.7249, -74.7278, 136.361, -37.1175, 119.891
0.17, 42.9426, 26.8614, -74.7639, 136.479, -36.1095, 118.205
0.171, 42.8678, 26.9979, -74.799, 136.596, -35.1206, 116.552
0.172, 42.793, 27.1346, -74.8332, 136.711, -34.1505, 114.931
0.173, 42.7181, 27.2713, -74.8664, 136.824, -33.1988, 113.342
0.174, 42.6432, 27.4082, -74.8986, 136.936, -32.2649, 111.784
0.175, 42.5683, 27.5452, -74.93, 137.046, -31.3485, 110.256
0.176, 42.4934, 27.6823, -74.9604, 137.155, -30.4492, 108.757
0.177, 42.4184, 27.8195, -74.99, 137.262, -29.5666, 107.288
0.178, 42.3434, 27.9568, -75.0187, 137.368, -28.7003, 105.846
0.179, 42.2684, 28.0943, -75.0465, 137.473, -27.8499, 104.433
0.18, 42.1933, 28.2318, -75.0736, 137.576, -27.0151, 103.046
0.181, 42.1182, 28.3694, -75.0997, 137.677, -26.1955, 101.685
0.182, 42.0431, 28.5071, -75.1251, 137.778, -25.3907, 100.351
0.183, 41.968, 28.645, -75.1497, 137.877, -24.6004, 99.041
0.184, 41.8928, 28.7829, -75.1736, 137.975, -23.8244, 97.7561
0.185, 41.8176, 28.9209, -75.1966, 138.071, -23.0622, 96.4953
0.186, 41.7424, 29.059, -75.2189, 138.166, -22.3135, 95.258
0.187, 41.6672, 29.1972, -75.2405, 138.26, -21.5781, 94.0438
0.188, 41.5919, 29.3356, -75.2614, 138.353, -20.8556, 92.8521
0.189, 41.5167, 29.474, -75.2815, 138.445, -20.1458, 91.6825
0.19, 41.4414, 29.6124, -75.301, 138.535, -19.4484, 90.5345
0.191, 41.3661, 29.751, -75.3197, 138.625, -18.7631, 89.4075
0.192, 41.2907, 29.8897, -75.3378, 138.713, -18.0895, 88.3012
0.193, 41.2154, 30.0285, -75.3552, 138.8, -17.4276, 87.2152
0.194, 41.14, 30.1673, -75.372, 138.886, -16.7769, 86.1488
0.195, 41.0646, 30.3062, -75.3882, 138.972, -16.1373, 85.1019
0.196, 40.9893, 30.4452, -75.4037, 139.056, -15.5086, 84.0738
0.197, 40.9138, 30.5843, -75.4186, 139.139, -14.8903, 83.0643
0.198, 40.8384, 30.7235, -75.4328, 139.221, -14.2825, 82.0729
0.199, 40.763, 30.8628, -75.4465, 139.302, -13.6847, 81.0993
0.2, 40.6875, 31.0021, -75.4596, 139.382, -13.0968, 80.1431
0.201, 40.6121, 31.1415, -75.4721, 139.461, -12.5186, 79.2038
0.202, 40.5366, 31.281, -75.4841, 139.539, -11.9499, 78.2813
0.203, 40.4611, 31.4206, -75.4955, 139.617, -11.3904, 77.375
0.204, 40.3856, 31.5603, -75.5063, 139.693, -10.8399, 76.4847
0.205, 40.3101, 31.7, -75.5166, 139.769, -10.2984, 75.6101
0.206, 40.2346, 31.8398, -75.5264, 139.844, -9.76545, 74.7508
0.207, 40.159, 31.9797, -75.5356, 139.918, -9.24102, 73.9064
0.208, 40.0835, 32.1197, -75.5444, 139.991, -8.72488, 73.0768
0.209, 40.0079, 32.2597, -75.5526, 140.063, -8.21686, 72.2615
0.21, 39.9324, 32.3998, -75.5603, 140.134, -7.71678, 71.4604
0.211, 39.8568, 32.5399, -75.5675, 140.205, -7.22447, 70.6731
0.212, 39.7813, 32.6802, -75.5743, 140.275, -6.73977, 69.8992
0.213, 39.7057, 32.8205, -75.5805, 140.344, -6.26251, 69.1387
0.214, 39.6301, 32.9609, -75.5863, 140.413, -5.79253, 68.3911
0.215, 39.5545, 33.1013, -75.5916, 140.48, -5.32968, 67.6563
0.216, 39.4789, 33.2418, -75.5965, 140.547, -4.8738, 66.9339
0.217, 39.4033, 33.3824, -75.6009, 140.613, -4.42475, 66.2238
0.218, 39.3277, 33.5231, -75.6049, 140.679, -3.98238, 65.5256
0.219, 39.2521, 33.6638, -75.6085, 140.744, -3.54656, 64.8392
0.22, 39.1765, 33.8045, -75.6116, 140.808, -3.11713, 64.1642
0.221, 39.1009, 33.9454, -75.6143, 140.871, -2.69398, 63.5006
0.222, 39.0253, 34.0863, -75.6166, 140.934, -2.27695, 62.848
0.223, 38.9497, 34.2273, -75.6184, 140.996, -1.86593, 62.2063
0.224, 38.874, 34.3683, -75.6199, 141.058, -1.46079, 61.5752
0.225, 38.7984, 34.5094, -75.6209, 141.119, -1.06141, 60.9545
0.226, 38.7228, 34.6505, -75.6216, 141.179, -0.667654, 60.344
0.227, 38.6472, 34.7917, -75.6219, 141.239, -0.279416, 59.7435
0.228, 38.5716, 34.933, -75.6218, 141.298, 0.103423, 59.1529
0.229, 38.4959, 35.0743, -75.6213, 141.357, 0.480976, 58.5719
0.23, 38.4203, 35.2157, -75.6204, 141.415, 0.853354, 58.0003
0.231, 38.3447, 35.3572, -75.6192, 141.472, 1.22067, 57.438
0.232, 38.2691, 35.4987, -75.6176, 141.529, 1.58302, 56.8848
0.233, 38.1935, 35.6402, -75.6157, 141.585, 1.94051, 56.3405
0.234, 38.1179, 35.7818, -75.6134, 141.641, 2.29325, 55.805
0.235, 38.0423, 35.9235, -75.6108, 141.696, 2.64133, 55.2781
0.236, 37.9666, 36.0652, -75.6078, 141.751, 2.98486, 54.7595
0.237, 37.891, 36.207, -75.6045, 141.806, 3.32392, 54.2492
0.238, 37.8154, 36.3488, -75.6008, 141.859, 3.65861, 53.7471
0.239, 37.7398, 36.4907, -75.5968, 141.913, 3.98902, 53.2528
0.24, 37.6642, 36.6326, -75.5925, 141.965, 4.31524, 52.7664
0.241, 37.5887, 36.7746, -75.5879, 142.018, 4.63736, 52.2877
0.242, 37.5131, 36.9167, -75.5829, 142.069, 4.95546, 51.8164
0.243, 37.4375, 37.0588, -75.5776, 142.121, 5.26963, 51.3525
0.244, 37.3619, 37.2009, -75.5721, 142.172, 5.57995, 50.8959
0.245, 37.2864, 37.3431, -75.5662, 142.222, 5.8865, 50.4464
0.246, 37.2108, 37.4854, -75.56, 142.272, 6.18936, 50.0038
0.247, 37.1352, 37.6277, -75.5535, 142.322, 6.48861, 49.5681
0.248, 37.0597, 37.77, -75.5467, 142.371, 6.78431, 49.1391
0.249, 36.9841, 37.9124, -75.5396, 142.419, 7.07656, 48.7167
0.25, 36.9086, 38.0548, -75.5323, 142.468, 7.36541, 48.3008
0.251, 36.8331, 38.1973, -75.5246, 142.516, 7.65094, 47.8912
0.252, 36.7576, 38.3399, -75.5167, 142.563, 7.93322, 47.4879
0.253, 36.6821, 38.4825, -75.5085, 142.61, 8.21231, 47.0907
0.254, 36.6066, 38.6251, -75.5, 142.657, 8.4883, 46.6995
0.255, 36.5311, 38.7678, -75.4912, 142.703, 8.76123, 46.3142
0.256, 36.4556, 38.9105, -75.4822, 142.749, 9.03117, 45.9348
0.257, 36.3801, 39.0533, -75.4729, 142.795, 9.2982, 45.561
0.258, 36.3046, 39.1961, -75.4633, 142.84, 9.56236, 45.1929
0.259, 36.2292, 39.3389, -75.4535, 142.885, 9.82373, 44.8302
0.26, 36.1537, 39.4818, -75.4434, 142.929, 10.0823, 44.4729
0.261, 36.0783, 39.6248, -75.4331, 142.973, 10.3383, 44.121
0.262, 36.0029, 39.7678, -75.4225, 143.017, 10.5916, 43.7742
0.263, 35.9275, 39.9108, -75.4116, 143.061, 10.8424, 43.4326
0.264, 35.852, 40.0539, -75.4006, 143.104, 11.0906, 43.096
0.265, 35.7767, 40.197, -75.3892, 143.146, 11.3364, 42.7643
0.266, 35.7013, 40.3402, -75.3776, 143.189, 11.5797, 42.4375
0.267, 35.6259, 40.4834, -75.3658, 143.231, 11.8208, 42.1154
0.268, 35.5505, 40.6267, -75.3538, 143.273, 12.0595, 41.798
0.269, 35.4752, 40.77, -75.3415, 143.314, 12.2959, 41.4853
0.27, 35.3999, 40.9133, -75.3289, 143.355, 12.5302, 41.177
0.271, 35.3245, 41.0567, -75.3162, 143.396, 12.7623, 40.8732
0.272, 35.2492, 41.2001, -75.3032, 143.437, 12.9923, 40.5738
0.273, 35.1739, 41.3435, -75.29, 143.477, 13.2202, 40.2786
0.274, 35.0987, 41.487, -75.2765, 143.517, 13.4461, 39.9877
0.275, 35.0234, 41.6306, -75.2628, 143.557, 13.6701, 39.7009
0.276, 34.9481, 41.7741, -75.249, 143.596, 13.8921, 39.4182
0.277, 34.8729, 41.9178, -75.2348, 143.635, 14.1123, 39.1395
0.278, 34.7977, 42.0614, -75.2205, 143.674, 14.3306, 38.8647
0.279, 34.7225, 42.2051, -75.206, 143.713, 14.5471, 38.5937
0.28, 34.6473, 42.3488, -75.1912, 143.751, 14.7618, 38.3266
0.281, 34.5721, 42.4926, -75.1762, 143.789, 14.9748, 38.0632
0.282, 34.4969, 42.6364, -75.161, 143.827, 15.1862, 37.8035
0.283, 34.4218, 42.7803, -75.1456, 143.865, 15.3959, 37.5474
0.284, 34.3466, 42.9241, -75.13, 143.902, 15.604, 37.2948
0.285, 34.2715, 43.0681, -75.1142, 143.939, 15.8105, 37.0457
0.286, 34.1964, 43.212, -75.0982, 143.976, 16.0156, 36.8001
0.287, 34.1213, 43.356, -75.082, 144.012, 16.2191, 36.5578
0.288, 34.0463, 43.5, -75.0656, 144.049, 16.4212, 36.3188
0.289, 33.9712, 43.6441, -75.049, 144.085, 16.6218, 36.0831
0.29, 33.8962, 43.7882, -75.0321, 144.121, 16.8211, 35.8506
0.291, 33.8211, 43.9323, -75.0151, 144.156, 17.019, 35.6212
0.292, 33.7461, 44.0765, -74.9979, 144.192, 17.2156, 35.3949
0.293, 33.6711, 44.2207, -74.9805, 144.227, 17.411, 35.1717
0.294, 33.5962, 44.365, -74.9629, 144.262, 17.605, 34.9514
0.295, 33.5212, 44.5092, -74.9451, 144.296, 17.7979, 34.7341
0.296, 33.4463, 44.6536, -74.9271, 144.331, 17.9896, 34.5197
0.297, 33.3714, 44.7979, -74.9089, 144.365, 18.1801, 34.3082
0.298, 33.2965, 44.9423, -74.8905, 144.399, 18.3695, 34.0994
0.299, 33.2216, 45.0867, -74.872, 144.433, 18.5578, 33.8934
0.3, 33.1467, 45.2311, -74.8532, 144.467, 18.745, 33.69
0.301, 33.0719, 45.3756, -74.8343, 144.5, 18.9312, 33.4894
0.302, 32.9971, 45.5201, -74.8152, 144.534, 19.1164, 33.2913
0.303, 32.9223, 45.6647, -74.7959, 144.567, 19.3006, 33.0958
0.304, 32.8475, 45.8093, -74.7764, 144.6, 19.4838, 32.9029
0.305, 32.7727, 45.9539, -74.7567, 144.632, 19.6662, 32.7124
0.306, 32.698, 46.0985, -74.7369, 144.665, 19.8476, 32.5244
0.307, 32.6233, 46.2432, -74.7169, 144.697, 20.0281, 32.3388
0.308, 32.5486, 46.3879, -74.6967, 144.729, 20.2079, 32.1555
0.309, 32.4739, 46.5327, -74.6763, 144.761, 20.3867, 31.9746
0.31, 32.3992, 46.6774, -74.6557, 144.793, 20.5648, 31.7959
0.311, 32.3246, 46.8223, -74.635, 144.825, 20.7422, 31.6195
0.312, 32.2499, 46.9671, -74.614, 144.856, 20.9187, 31.4454
0.313, 32.1753, 47.112, -74.593, 144.888, 21.0946, 31.2733
0.314, 32.1008, 47.2569, -74.5717, 144.919, 21.2698, 31.1035
0.315, 32.0262, 47.4018, -74.5502, 144.95, 21.4443, 30.9357
0.316, 31.9517, 47.5468, -74.5286, 144.98, 21.6181, 30.77
0.317, 31.8772, 47.6918, -74.5068, 145.011, 21.7913, 30.6063
0.318, 31.8027, 47.8368, -74.4849, 145.041, 21.9639, 30.4446
0.319, 31.7282, 47.9818, -74.4627, 145.072, 22.1359, 30.2849
0.32, 31.6537, 48.1269, -74.4404, 145.102, 22.3074, 30.1271
0.321, 31.5793, 48.272, -74.4179, 145.132, 22.4784, 29.9713
0.322, 31.5049, 48.4172, -74.3953, 145.162, 22.6488, 29.8173
0.323, 31.4305, 48.5623, -74.3725, 145.191, 22.8187, 29.6651
0.324, 31.3562, 48.7076, -74.3495, 145.221, 22.9881, 29.5147
0.325, 31.2818, 48.8528, -74.3263, 145.25, 23.1571, 29.3661
0.326, 31.2075, 48.9981, -74.303, 145.279, 23.3257, 29.2193
0.327, 31.1332, 49.1433, -74.2795, 145.309, 23.4939, 29.0742
0.328, 31.059, 49.2887, -74.2558, 145.337, 23.6616, 28.9308
0.329, 30.9847, 49.434, -74.232, 145.366, 23.829, 28.789
0.33, 30.9105, 49.5794, -74.208, 145.395, 23.996, 28.6489
0.331, 30.8363, 49.7248, -74.1839, 145.423, 24.1628, 28.5103
0.332, 30.7622, 49.8702, -74.1595, 145.452, 24.3291, 28.3734
0.333, 30.688, 50.0157, -74.135, 145.48, 24.4952, 28.238
0.334, 30.6139, 50.1612, -74.1104, 145.508, 24.6611, 28.1041
0.335, 30.5398, 50.3067, -74.0855, 145.536, 24.8266, 27.9717
0.336, 30.4657, 50.4523, -74.0606, 145.564, 24.9919, 27.8408
0.337, 30.3917, 50.5978, -74.0354, 145.592, 25.157, 27.7114
0.338, 30.3177, 50.7434, -74.0101, 145.619, 25.3219, 27.5834
0.339, 30.2437, 50.8891, -73.9846, 145.647, 25.4867, 27.4568
0.34, 30.1697, 51.0347, -73.9589, 145.674, 25.6512, 27.3315
0.341, 30.0958, 51.1804, -73.9331, 145.701, 25.8156, 27.2076
0.342, 30.0218, 51.3261, -73.9071, 145.728, 25.9798, 27.0851
0.343, 29.9479, 51.4719, -73.881, 145.755, 26.144, 26.9638
0.344, 29.8741, 51.6176, -73.8547, 145.782, 26.308, 26.8438
0.345, 29.8002, 51.7634, -73.8282, 145.809, 26.472, 26.7251
0.346, 29.7264, 51.9092, -73.8016, 145.835, 26.6359, 26.6077
0.347, 29.6526, 52.0551, -73.7748, 145.862, 26.7997, 26.4914
0.348, 29.5789, 52.201, -73.7478, 145.888, 26.9635, 26.3763
0.349, 29.5052, 52.3469, -73.7207, 145.915, 27.1273, 26.2625
0.35, 29.4315, 52.4928, -73.6934, 145.941, 27.2911, 26.1497
0.351, 29.3578, 52.6387, -73.6659, 145.967, 27.4549, 26.0382
0.352, 29.2841, 52.7847, -73.6383, 145.993, 27.6187, 25.9277
0.353, 29.2105, 52.9307, -73.6105, 146.018, 27.7826, 25.8183
0.354, 29.1369, 53.0768, -73.5826, 146.044, 27.9465, 25.71
0.355, 29.0633, 53.2228, -73.5545, 146.07, 28.1105, 25.6028
0.356, 28.9898, 53.3689, -73.5262, 146.095, 28.2746, 25.4965
0.357, 28.9163, 53.515, -73.4978, 146.121, 28.4388, 25.3913
0.358, 28.8428, 53.6611, -73.4692, 146.146, 28.6031, 25.2871
0.359, 28.7694, 53.8073, -73.4404, 146.171, 28.7676, 25.1839
0.36, 28.6959, 53.9535, -73.4115, 146.196, 28.9322, 25.0817
0.361, 28.6226, 54.0997, -73.3824, 146.221, 29.097, 24.9804
0.362, 28.5492, 54.2459, -73.3531, 146.246, 29.2619, 24.88
0.363, 28.4759, 54.3922, -73.3237, 146.271, 29.4271, 24.7805
0.364, 28.4025, 54.5384, -73.2941, 146.296, 29.5924, 24.6819
0.365, 28.3293, 54.6847, -73.2643, 146.32, 29.758, 24.5842
0.366, 28.256, 54.8311, -73.2344, 146.345, 29.9238, 24.4873
0.367, 28.1828, 54.9774, -73.2043, 146.369, 30.0899, 24.3913
0.368, 28.1096, 55.1238, -73.1741, 146.393, 30.2562, 24.2961
0.369, 28.0365, 55.2702, -73.1436, 146.418, 30.4228, 24.2018
0.37, 27.9633, 55.4166, -73.1131, 146.442, 30.5897, 24.1082
0.371, 27.8903, 55.5631, -73.0823, 146.466, 30.7569, 24.0154
0.372, 27.8172, 55.7096, -73.0514, 146.49, 30.9244, 23.9233
0.373, 27.7442, 55.8561, -73.0203, 146.513, 31.0922, 23.832
0.374, 27.6712, 56.0026, -72.989, 146.537, 31.2604, 23.7414
0.375, 27.5982, 56.1491, -72.9576, 146.561, 31.429, 23.6516
0.376, 27.5252, 56.2957, -72.926, 146.584, 31.5979, 23.5624
0.377, 27.4523, 56.4423, -72.8942, 146.608, 31.7672, 23.474
0.378, 27.3795, 56.5889, -72.8623, 146.631, 31.9369, 23.3862
0.379, 27.3066, 56.7356, -72.8302, 146.655, 32.107, 23.299
0.38, 27.2338, 56.8822, -72.7979, 146.678, 32.2775, 23.2125
0.381, 27.161, 57.0289, -72.7655, 146.701, 32.4485, 23.1266
0.382, 27.0883, 57.1756, -72.7328, 146.724, 32.62, 23.0414
0.383, 27.0156, 57.3223, -72.7, 146.747, 32.7918, 22.9567
0.384, 26.9429, 57.4691, -72.6671, 146.77, 32.9642, 22.8726
0.385, 26.8702, 57.6159, -72.6339, 146.793, 33.1371, 22.7891
0.386, 26.7976, 57.7627, -72.6006, 146.815, 33.3104, 22.7062
0.387, 26.7251, 57.9095, -72.5671, 146.838, 33.4843, 22.6238
0.388, 26.6525, 58.0563, -72.5335, 146.86, 33.6587, 22.5419
0.389, 26.58, 58.2032, -72.4997, 146.883, 33.8337, 22.4606
0.39, 26.5075, 58.3501, -72.4656, 146.905, 34.0092, 22.3797
0.391, 26.4351, 58.497, -72.4315, 146.928, 34.1852, 22.2994
0.392, 26.3627, 58.644, -72.3971, 146.95, 34.3619, 22.2195
0.393, 26.2903, 58.7909, -72.3626, 146.972, 34.5391, 22.1401
0.394, 26.2179, 58.9379, -72.3278, 146.994, 34.7169, 22.0612
0.395, 26.1456, 59.0849, -72.2929, 147.016, 34.8954, 21.9827
0.396, 26.0734, 59.2319, -72.2579, 147.038, 35.0745, 21.9046
0.397, 26.0011, 59.379, -72.2226, 147.06, 35.2542, 21.827
0.398, 25.9289, 59.526, -72.1872, 147.081, 35.4346, 21.7498
0.399, 25.8568, 59.6731, -72.1516, 147.103, 35.6156, 21.6729
0.4, 25.7846, 59.8202, -72.1158, 147.125, 35.7973, 21.5965
0.401, 25.7125, 59.9674, -72.0798, 147.146, 35.9798, 21.5204
0.402, 25.6405, 60.1145, -72.0436, 147.168, 36.1629, 21.4447
0.403, 25.5685, 60.2617, -72.0073, 147.189, 36.3467, 21.3693
0.404, 25.4965, 60.4089, -71.9708, 147.21, 36.5313, 21.2943
0.405, 25.4245, 60.5561, -71.934, 147.232, 36.7166, 21.2196
0.406, 25.3526, 60.7034, -71.8971, 147.253, 36.9026, 21.1452
0.407, 25.2807, 60.8506, -71.86, 147.274, 37.0894, 21.0711
0.408, 25.2089, 60.9979, -71.8228, 147.295, 37.277, 20.9973
0.409, 25.1371, 61.1452, -71.7853, 147.316, 37.4654, 20.9238
0.41, 25.0653, 61.2925, -71.7476, 147.337, 37.6546, 20.8506
0.411, 24.9936, 61.4399, -71.7098, 147.357, 37.8446, 20.7776
0.412, 24.9219, 61.5872, -71.6718, 147.378, 38.0354, 20.7049
0.413, 24.8503, 61.7346, -71.6335, 147.399, 38.2271, 20.6324
0.414, 24.7787, 61.882, -71.5951, 147.419, 38.4196, 20.5602
0.415, 24.7071, 62.0295, -71.5565, 147.44, 38.613, 20.4881
0.416, 24.6356, 62.1769, -71.5177, 147.46, 38.8072, 20.4163
0.417, 24.5641, 62.3244, -71.4787, 147.48, 39.0024, 20.3447
0.418, 24.4926, 62.4719, -71.4395, 147.501, 39.1984, 20.2733
0.419, 24.4212, 62.6194, -71.4001, 147.521, 39.3954, 20.202
0.42, 24.3498, 62.7669, -71.3605, 147.541, 39.5933, 20.1309
0.421, 24.2785, 62.9144, -71.3207, 147.561, 39.7921, 20.06
0.422, 24.2072, 63.062, -71.2807, 147.581, 39.9919, 19.9892
0.423, 24.1359, 63.2096, -71.2405, 147.601, 40.1926, 19.9186
0.424, 24.0647, 63.3572, -71.2001, 147.621, 40.3943, 19.848
0.425, 23.9936, 63.5048, -71.1595, 147.641, 40.597, 19.7776
0.426, 23.9224, 63.6525, -71.1187, 147.66, 40.8007, 19.7074
0.427, 23.8513, 63.8001, -71.0777, 147.68, 41.0055, 19.6372
0.428, 23.7803, 63.9478, -71.0365, 147.7, 41.2112, 19.5671
0.429, 23.7093, 64.0955, -70.9951, 147.719, 41.418, 19.497
0.43, 23.6383, 64.2433, -70.9535, 147.738, 41.6258, 19.4271
0.431, 23.5674, 64.391, -70.9116, 147.758, 41.8347, 19.3572
0.432, 23.4965, 64.5388, -70.8696, 147.777, 42.0447, 19.2873
0.433, 23.4256, 64.6866, -70.8273, 147.796, 42.2558, 19.2175
0.434, 23.3548, 64.8344, -70.7849, 147.815, 42.468, 19.1477
0.435, 23.2841, 64.9822, -70.7422, 147.835, 42.6813, 19.078
0.436, 23.2134, 65.13, -70.6993, 147.854, 42.8957, 19.0082
0.437, 23.1427, 65.2779, -70.6562, 147.873, 43.1112, 18.9385
0.438, 23.0721, 65.4258, -70.6129, 147.891, 43.328, 18.8688
0.439, 23.0015, 65.5737, -70.5693, 147.91, 43.5459, 18.799
0.44, 22.9309, 65.7216, -70.5256, 147.929, 43.7649, 18.7292
0.441, 22.8604, 65.8695, -70.4816, 147.948, 43.9852, 18.6594
0.442, 22.79, 66.0175, -70.4374, 147.966, 44.2067, 18.5895
0.443, 22.7196, 66.1654, -70.3929, 147.985, 44.4293, 18.5196
0.444, 22.6492, 66.3134, -70.3483, 148.003, 44.6533, 18.4496
0.445, 22.5789, 66.4614, -70.3034, 148.022, 44.8784, 18.3796
0.446, 22.5086, 66.6095, -70.2583, 148.04, 45.1049, 18.3094
0.447, 22.4384, 66.7575, -70.213, 148.058, 45.3326, 18.2392
0.448, 22.3682, 66.9056, -70.1674, 148.076, 45.5616, 18.1689
0.449, 22.298, 67.0537, -70.1216, 148.094, 45.7919, 18.0985
0.45, 22.2279, 67.2018, -70.0756, 148.112, 46.0235, 18.0279
0.451, 22.1579, 67.3499, -70.0293, 148.13, 46.2565, 17.9573
0.452, 22.0879, 67.498, -69.9828, 148.148, 46.4907, 17.8865
0.453, 22.0179, 67.6462, -69.9361, 148.166, 46.7264, 17.8155
0.454, 21.948, 67.7943, -69.8891, 148.184, 46.9634, 17.7444
0.455, 21.8782, 67.9425, -69.8419, 148.201, 47.2018, 17.6732
0.456, 21.8084, 68.0907, -69.7945, 148.219, 47.4416, 17.6018
0.457, 21.7386, 68.239, -69.7468, 148.237, 47.6828, 17.5302
0.458, 21.6689, 68.3872, -69.6989, 148.254, 47.9255, 17.4584
0.459, 21.5992, 68.5355, -69.6507, 148.271, 48.1695, 17.3864
0.46, 21.5296, 68.6837, -69.6023, 148.289, 48.4151, 17.3142
0.461, 21.46, 68.832, -69.5536, 148.306, 48.6621, 17.2418
0.462, 21.3905, 68.9803, -69.5047, 148.323, 48.9106, 17.1691
0.463, 21.321, 69.1287, -69.4556, 148.34, 49.1606, 17.0963
0.464, 21.2516, 69.277, -69.4062, 148.357, 49.4121, 17.0231
0.465, 21.1822, 69.4254, -69.3565, 148.374, 49.6651, 16.9498
0.466, 21.1129, 69.5738, -69.3066, 148.391, 49.9197, 16.8762
0.467, 21.0436, 69.7222, -69.2564, 148.408, 50.1758, 16.8023
0.468, 20.9744, 69.8706, -69.206, 148.425, 50.4335, 16.7281
0.469, 20.9052, 70.019, -69.1553, 148.441, 50.6928, 16.6536
0.47, 20.8361, 70.1674, -69.1043, 148.458, 50.9537, 16.5789
0.471, 20.767, 70.3159, -69.0531, 148.474, 51.2163, 16.5038
0.472, 20.698, 70.4644, -69.0016, 148.491, 51.4804, 16.4285
0.473, 20.629, 70.6129, -68.9499, 148.507, 51.7462, 16.3528
0.474, 20.5601, 70.7614, -68.8979, 148.523, 52.0137, 16.2768
0.475, 20.4912, 70.9099, -68.8456, 148.54, 52.2829, 16.2004
0.476, 20.4224, 71.0585, -68.793, 148.556, 52.5537, 16.1237
0.477, 20.3537, 71.207, -68.7402, 148.572, 52.8263, 16.0466
0.478, 20.2849, 71.3556, -68.6871, 148.588, 53.1006, 15.9692
0.479, 20.2163, 71.5042, -68.6337, 148.604, 53.3766, 15.8914
0.48, 20.1477, 71.6528, -68.5801, 148.619, 53.6544, 15.8132
0.481, 20.0791, 71.8014, -68.5261, 148.635, 53.934, 15.7346
0.482, 20.0106, 71.9501, -68.4719, 148.651, 54.2153, 15.6556
0.483, 19.9422, 72.0987, -68.4174, 148.666, 54.4985, 15.5762
0.484, 19.8738, 72.2474, -68.3626, 148.682, 54.7835, 15.4963
0.485, 19.8055, 72.3961, -68.3076, 148.697, 55.0704, 15.416
0.486, 19.7372, 72.5448, -68.2522, 148.713, 55.3591, 15.3353
0.487, 19.669, 72.6935, -68.1966, 148.728, 55.6497, 15.2542
0.488, 19.6008, 72.8422, -68.1406, 148.743, 55.9421, 15.1726
0.489, 19.5327, 72.991, -68.0844, 148.758, 56.2365, 15.0905
0.49, 19.4647, 73.1397, -68.0279, 148.773, 56.5328, 15.0079
0.491, 19.3967, 73.2885, -67.971, 148.788, 56.8311, 14.9249
0.492, 19.3288, 73.4373, -67.9139, 148.803, 57.1313, 14.8413
0.493, 19.2609, 73.5861, -67.8565, 148.818, 57.4335, 14.7573
0.494, 19.193, 73.7349, -67.7987, 148.832, 57.7378, 14.6727
0.495, 19.1253, 73.8838, -67.7407, 148.847, 58.044, 14.5876
0.496, 19.0576, 74.0326, -67.6823, 148.861, 58.3522, 14.502
0.497, 18.9899, 74.1815, -67.6237, 148.876, 58.6626, 14.4158
0.498, 18.9223, 74.3304, -67.5647, 148.89, 58.9749, 14.3291
0.499, 18.8548, 74.4793, -67.5054, 148.904, 59.2894, 14.2418
0.5, 18.7873, 74.6282, -67.4458, 148.919, 59.606, 14.1539
0.501, 18.7199, 74.7771, -67.3859, 148.933, 59.9247, 14.0654
0.502, 18.6526, 74.926, -67.3256, 148.947, 60.2456, 13.9764
0.503, 18.5853, 75.075, -67.265, 148.961, 60.5686, 13.8867
0.504, 18.5181, 75.2239, -67.2042, 148.974, 60.8938, 13.7965
0.505, 18.4509, 75.3729, -67.1429, 148.988, 61.2212, 13.7056
0.506, 18.3838, 75.5219, -67.0814, 149.002, 61.5508, 13.6141
0.507, 18.3167, 75.6709, -67.0195, 149.015, 61.8827, 13.5219
0.508, 18.2498, 75.8199, -66.9573, 149.029, 62.2168, 13.4291
0.509, 18.1828, 75.969, -66.8947, 149.042, 62.5532, 13.3356
0.51, 18.116, 76.118, -66.8318, 149.055, 62.892, 13.2415
0.511, 18.0492, 76.2671, -66.7686, 149.068, 63.233, 13.1467
0.512, 17.9825, 76.4161, -66.705, 149.081, 63.5764, 13.0511
0.513, 17.9158, 76.5652, -66.6411, 149.094, 63.9221, 12.9549
0.514, 17.8492, 76.7143, -66.5768, 149.107, 64.2703, 12.858
0.515, 17.7827, 76.8634, -66.5122, 149.12, 64.6208, 12.7603
0.516, 17.7162, 77.0125, -66.4472, 149.133, 64.9737, 12.6619
0.517, 17.6498, 77.1617, -66.3819, 149.145, 65.3291, 12.5628
0.518, 17.5834, 77.3108, -66.3162, 149.158, 65.687, 12.4629
0.519, 17.5172, 77.46, -66.2502, 149.17, 66.0474, 12.3622
0.52, 17.4509, 77.6092, -66.1838, 149.182, 66.4103, 12.2607
0.521, 17.3848, 77.7583, -66.117, 149.194, 66.7757, 12.1585
0.522, 17.3187, 77.9075, -66.0498, 149.206, 67.1436, 12.0555
0.523, 17.2527, 78.0567, -65.9823, 149.218, 67.5142, 11.9516
0.524, 17.1868, 78.206, -65.9144, 149.23, 67.8873, 11.8469
0.525, 17.1209, 78.3552, -65.8462, 149.242, 68.2631, 11.7414
0.526, 17.0551, 78.5044, -65.7775, 149.254, 68.6415, 11.6351
0.527, 16.9894, 78.6537, -65.7085, 149.265, 69.0226, 11.5279
0.528, 16.9237, 78.803, -65.6391, 149.277, 69.4063, 11.4198
0.529, 16.8581, 78.9522, -65.5693, 149.288, 69.7928, 11.3109
0.53, 16.7926, 79.1015, -65.4991, 149.299, 70.182, 11.201
0.531, 16.7271, 79.2508, -65.4286, 149.31, 70.574, 11.0903
0.532, 16.6617, 79.4001, -65.3576, 149.321, 70.9688, 10.9787
0.533, 16.5964, 79.5495, -65.2862, 149.332, 71.3664, 10.8661
0.534, 16.5312, 79.6988, -65.2145, 149.343, 71.7668, 10.7526
0.535, 16.466, 79.8481, -65.1423, 149.353, 72.1701, 10.6381
0.536, 16.4009, 79.9975, -65.0697, 149.364, 72.5762, 10.5227
0.537, 16.3359, 80.1469, -64.9967, 149.374, 72.9853, 10.4063
0.538, 16.2709, 80.2962, -64.9233, 149.385, 73.3973, 10.2889
0.539, 16.206, 80.4456, -64.8495, 149.395, 73.8122, 10.1706
0.54, 16.1412, 80.595, -64.7753, 149.405, 74.2302, 10.0512
0.541, 16.0765, 80.7444, -64.7006, 149.415, 74.6511, 9.9308
0.542, 16.0118, 80.8938, -64.6256, 149.425, 75.0751, 9.80937
0.543, 15.9472, 81.0433, -64.5501, 149.434, 75.5022, 9.68689
0.544, 15.8827, 81.1927, -64.4741, 149.444, 75.9323, 9.56335
0.545, 15.8183, 81.3421, -64.3978, 149.453, 76.3656, 9.43875
0.546, 15.754, 81.4916, -64.321, 149.463, 76.802, 9.31305
0.547, 15.6897, 81.6411, -64.2437, 149.472, 77.2416, 9.18626
0.548, 15.6255, 81.7905, -64.166, 149.481, 77.6844, 9.05837
0.549, 15.5614, 81.94, -64.0879, 149.49, 78.1304, 8.92934
0.55, 15.4973, 82.0895, -64.0093, 149.499, 78.5796, 8.79918
0.551, 15.4334, 82.239, -63.9303, 149.507, 79.0322, 8.66788
0.552, 15.3695, 82.3885, -63.8508, 149.516, 79.488, 8.5354
0.553, 15.3057, 82.538, -63.7709, 149.524, 79.9472, 8.40175
0.554, 15.242, 82.6876, -63.6905, 149.532, 80.4098, 8.26691
0.555, 15.1783, 82.8371, -63.6096, 149.541, 80.8757, 8.13087
0.556, 15.1147, 82.9866, -63.5282, 149.549, 81.3451, 7.99361
0.557, 15.0513, 83.1362, -63.4464, 149.556, 81.818, 7.85511
0.558, 14.9879, 83.2857, -63.3641, 149.564, 82.2943, 7.71537
0.559, 14.9246, 83.4353, -63.2813, 149.572, 82.7742, 7.57436
0.56, 14.8613, 83.5849, -63.1981, 149.579, 83.2576, 7.43208
0.561, 14.7982, 83.7344, -63.1143, 149.586, 83.7445, 7.28852
0.562, 14.7351, 83.884, -63.0301, 149.594, 84.2351, 7.14364
0.563, 14.6721, 84.0336, -62.9454, 149.601, 84.7293, 6.99745
0.564, 14.6092, 84.1832, -62.8601, 149.607, 85.2273, 6.84993
0.565, 14.5464, 84.3328, -62.7744, 149.614, 85.7289, 6.70105
0.566, 14.4837, 84.4824, -62.6882, 149.621, 86.2342, 6.55081
0.567, 14.4211, 84.6321, -62.6014, 149.627, 86.7433, 6.39919
0.568, 14.3585, 84.7817, -62.5142, 149.633, 87.2562, 6.24618
0.569, 14.296, 84.9313, -62.4264, 149.639, 87.773, 6.09175
0.57, 14.2337, 85.081, -62.3381, 149.645, 88.2936, 5.9359
0.571, 14.1714, 85.2306, -62.2493, 149.651, 88.8182, 5.77861
0.572, 14.1092, 85.3803, -62.16, 149.657, 89.3466, 5.61986
0.573, 14.0471, 85.5299, -62.0701, 149.662, 89.8791, 5.45964
0.574, 13.9851, 85.6796, -61.9797, 149.668, 90.4155, 5.29793
0.575, 13.9231, 85.8292, -61.8887, 149.673, 90.956, 5.13471
0.576, 13.8613, 85.9789, -61.7972, 149.678, 91.5006, 4.96996
0.577, 13.7996, 86.1286, -61.7052, 149.682, 92.0493, 4.80368
0.578, 13.7379, 86.2783, -61.6126, 149.687, 92.6021, 4.63584
0.579, 13.6763, 86.4279, -61.5194, 149.692, 93.1591, 4.46643
0.58, 13.6149, 86.5776, -61.4257, 149.696, 93.7203, 4.29543
0.581, 13.5535, 86.7273, -61.3314, 149.7, 94.2858, 4.12282
0.582, 13.4922, 86.877, -61.2365, 149.704, 94.8556, 3.94858
0.583, 13.4311, 87.0267, -61.1411, 149.708, 95.4298, 3.7727
0.584, 13.37, 87.1764, -61.0451, 149.711, 96.0083, 3.59517
0.585, 13.309, 87.3261, -60.9485, 149.715, 96.5912, 3.41595
0.586, 13.2481, 87.4758, -60.8513, 149.718, 97.1786, 3.23504
0.587, 13.1873, 87.6256, -60.7536, 149.721, 97.7704, 3.05241
0.588, 13.1266, 87.7753, -60.6552, 149.724, 98.3668, 2.86805
0.589, 13.066, 87.925, -60.5562, 149.727, 98.9677, 2.68193
0.59, 13.0055, 88.0747, -60.4566, 149.729, 99.5733, 2.49405
0.591, 12.9451, 88.2245, -60.3565, 149.731, 100.184, 2.30438
0.592, 12.8848, 88.3742, -60.2557, 149.733, 100.798, 2.1129
0.593, 12.8246, 88.5239, -60.1542, 149.735, 101.418, 1.91959
0.594, 12.7645, 88.6736, -60.0522, 149.737, 102.042, 1.72443
0.595, 12.7045, 88.8234, -59.9495, 149.739, 102.672, 1.5274
0.596, 12.6446, 88.9731, -59.8462, 149.74, 103.306, 1.32849
0.597, 12.5848, 89.1228, -59.7423, 149.741, 103.945, 1.12768
0.598, 12.5252, 89.2726, -59.6377, 149.742, 104.589, 0.924931
0.599, 12.4656, 89.4223, -59.5325, 149.743, 105.238, 0.720238
0.6, 12.4061, 89.5721, -59.4266, 149.743, 105.892, 0.513577
0.601, 12.3467, 89.7218, -59.32, 149.744, 106.551, 0.304927
0.602, 12.2875, 89.8715, -59.2128, 149.744, 107.215, 0.0942665
0.603, 12.2283, 90.0213, -59.1049, 149.744, 107.884, -0.118425
0.604, 12.1693, 90.171, -58.9964, 149.743, 108.559, -0.33317
0.605, 12.1104, 90.3207, -58.8871, 149.743, 109.239, -0.549989
0.606, 12.0515, 90.4705, -58.7772, 149.742, 109.924, -0.768905
0.607, 11.9928, 90.6202, -58.6666, 149.741, 110.614, -0.989939
0.608, 11.9342, 90.77, -58.5553, 149.74, 111.31, -1.21311
0.609, 11.8757, 90.9197, -58.4433, 149.738, 112.011, -1.43845
0.61, 11.8174, 91.0694, -58.3305, 149.737, 112.718, -1.66598
0.611, 11.7591, 91.2192, -58.2171, 149.735, 113.431, -1.89571
0.612, 11.7009, 91.3689, -58.103, 149.733, 114.149, -2.12768
0.613, 11.6429, 91.5186, -57.9881, 149.73, 114.872, -2.3619
0.614, 11.585, 91.6683, -57.8725, 149.728, 115.602, -2.5984
0.615, 11.5272, 91.8181, -57.7561, 149.725, 116.337, -2.8372
0.616, 11.4695, 91.9678, -57.6391, 149.722, 117.078, -3.07833
0.617, 11.4119, 92.1175, -57.5212, 149.718, 117.824, -3.32182
0.618, 11.3545, 92.2672, -57.4027, 149.715, 118.577, -3.56768
0.619, 11.2971, 92.4169, -57.2833, 149.711, 119.336, -3.81594
0.62, 11.2399, 92.5666, -57.1632, 149.707, 120.1, -4.06663
0.621, 11.1828, 92.7163, -57.0424, 149.703, 120.871, -4.31976
0.622, 11.1258, 92.866, -56.9207, 149.698, 121.648, -4.57538
0.623, 11.069, 93.0157, -56.7983, 149.693, 122.431, -4.8335
0.624, 11.0123, 93.1654, -56.6751, 149.688, 123.22, -5.09415
0.625, 10.9557, 93.3151, -56.551, 149.683, 124.016, -5.35736
0.626, 10.8992, 93.4647, -56.4262, 149.677, 124.818, -5.62315
0.627, 10.8428, 93.6144, -56.3006, 149.671, 125.626, -5.89155
0.628, 10.7866, 93.7641, -56.1742, 149.665, 126.441, -6.16258
0.629, 10.7305, 93.9137, -56.0469, 149.659, 127.262, -6.43628
0.63, 10.6745, 94.0634, -55.9188, 149.652, 128.09, -6.71267
0.631, 10.6187, 94.213, -55.7899, 149.645, 128.925, -6.99179
0.632, 10.563, 94.3627, -55.6601, 149.638, 129.766, -7.27365
0.633, 10.5074, 94.5123, -55.5295, 149.63, 130.614, -7.55829
0.634, 10.4519, 94.6619, -55.398, 149.622, 131.469, -7.84573
0.635, 10.3966, 94.8115, -55.2657, 149.614, 132.331, -8.13602
0.636, 10.3414, 94.9611, -55.1325, 149.606, 133.2, -8.42916
0.637, 10.2864, 95.1107, -54.9984, 149.597, 134.075, -8.72521
0.638, 10.2314, 95.2603, -54.8635, 149.588, 134.958, -9.02417
0.639, 10.1766, 95.4099, -54.7276, 149.579, 135.848, -9.3261
0.64, 10.122, 95.5595, -54.5909, 149.569, 136.745, -9.63101
0.641, 10.0675, 95.709, -54.4532, 149.559, 137.65, -9.93894
0.642, 10.0131, 95.8586, -54.3147, 149.549, 138.562, -10.2499
0.643, 9.95887, 96.0081, -54.1752, 149.538, 139.481, -10.564
0.644, 9.90477, 96.1576, -54.0348, 149.527, 140.407, -10.8812
0.645, 9.85082, 96.3071, -53.8934, 149.516, 141.342, -11.2015
0.646, 9.79701, 96.4566, -53.7512, 149.505, 142.284, -11.525
0.647, 9.74334, 96.6061, -53.6079, 149.493, 143.233, -11.8517
0.648, 9.68981, 96.7556, -53.4637, 149.481, 144.19, -12.1816
0.649, 9.63643, 96.9051, -53.3186, 149.468, 145.156, -12.5149
0.65, 9.58319, 97.0545, -53.1724, 149.455, 146.129, -12.8514
0.651, 9.53011, 97.204, -53.0253, 149.442, 147.11, -13.1913
0.652, 9.47716, 97.3534, -52.8772, 149.428, 148.099, -13.5346
0.653, 9.42437, 97.5028, -52.7281, 149.415, 149.096, -13.8813
0.654, 9.37173, 97.6522, -52.578, 149.4, 150.101, -14.2315
0.655, 9.31924, 97.8016, -52.4269, 149.386, 151.115, -14.5851
0.656, 9.26689, 97.951, -52.2748, 149.371, 152.137, -14.9423
0.657, 9.21471, 98.1004, -52.1216, 149.355, 153.167, -15.303
0.658, 9.16267, 98.2497, -51.9674, 149.34, 154.206, -15.6673
0.659, 9.11079, 98.399, -51.8122, 149.324, 155.254, -16.0353
0.66, 9.05907, 98.5483, -51.6558, 149.307, 156.31, -16.407
0.661, 9.0075, 98.6976, -51.4985, 149.291, 157.375, -16.7823
0.662, 8.95609, 98.8469, -51.34, 149.273, 158.449, -17.1615
0.663, 8.90484, 98.9962, -51.1805, 149.256, 159.532, -17.5444
0.664, 8.85375, 99.1454, -51.0199, 149.238, 160.623, -17.9311
0.665, 8.80282, 99.2946, -50.8581, 149.22, 161.724, -18.3218
0.666, 8.75206, 99.4438, -50.6953, 149.201, 162.834, -18.7163
0.667, 8.70145, 99.593, -50.5314, 149.182, 163.953, -19.1148
0.668, 8.65102, 99.7422, -50.3663, 149.162, 165.082, -19.5173
0.669, 8.60074, 99.8913, -50.2001, 149.142, 166.22, -19.9238
0.67, 8.55064, 100.04, -50.0327, 149.122, 167.367, -20.3344
0.671, 8.5007, 100.19, -49.8642, 149.101, 168.524, -20.7491
0.672, 8.45093, 100.339, -49.6945, 149.08, 169.691, -21.168
0.673, 8.40133, 100.488, -49.5236, 149.059, 170.868, -21.5912
0.674, 8.35191, 100.637, -49.3516, 149.037, 172.054, -22.0185
0.675, 8.30265, 100.786, -49.1783, 149.014, 173.25, -22.4502
0.676, 8.25357, 100.935, -49.0038, 148.991, 174.457, -22.8862
0.677, 8.20467, 101.084, -48.8282, 148.968, 175.673, -23.3266
0.678, 8.15594, 101.233, -48.6513, 148.944, 176.9, -23.7714
0.679, 8.10739, 101.382, -48.4731, 148.92, 178.137, -24.2208
0.68, 8.05901, 101.531, -48.2937, 148.895, 179.385, -24.6746
0.681, 8.01082, 101.679, -48.1131, 148.87, 180.643, -25.133
0.682, 7.96281, 101.828, -47.9312, 148.844, 181.912, -25.5961
0.683, 7.91498, 101.977, -47.748, 148.818, 183.191, -26.0638
0.684, 7.86734, 102.126, -47.5635, 148.792, 184.482, -26.5363
0.685, 7.81988, 102.275, -47.3777, 148.765, 185.783, -27.0135
0.686, 7.7726, 102.423, -47.1906, 148.737, 187.095, -27.4956
0.687, 7.72552, 102.572, -47.0022, 148.709, 188.419, -27.9825
0.688, 7.67862, 102.721, -46.8125, 148.681, 189.754, -28.4744
0.689, 7.63192, 102.869, -46.6214, 148.652, 191.1, -28.9712
0.69, 7.5854, 103.018, -46.4289, 148.622, 192.457, -29.4731
0.691, 7.53908, 103.167, -46.2351, 148.592, 193.826, -29.98
0.692, 7.49296, 103.315, -46.0399, 148.562, 195.207, -30.4921
0.693, 7.44703, 103.464, -45.8433, 148.531, 196.6, -31.0094
0.694, 7.40129, 103.612, -45.6453, 148.499, 198.004, -31.5319
0.695, 7.35576, 103.761, -45.4459, 148.467, 199.421, -32.0598
0.696, 7.31043, 103.909, -45.245, 148.435, 200.85, -32.593
0.697, 7.2653, 104.058, -45.0115, 148.299, 233.471, -135.914
0.698, 7.22046, 104.206, -44.6801, 147.841, 331.468, -458.106
0.699, 7.17596, 104.353, -44.3494, 147.384, 330.625, -456.546
0.7, 7.13179, 104.5, -44.0197, 146.929, 329.788, -455
0.701, 7.08795, 104.647, -43.6907, 146.476, 328.959, -453.468
0.702, 7.04443, 104.793, -43.3626, 146.024, 328.137, -451.949
0.703, 7.00124, 104.939, -43.0352, 145.573, 327.321, -450.444
0.704, 6.95838, 105.085, -42.7087, 145.124, 326.512, -448.953
0.705, 6.91585, 105.229, -42.383, 144.677, 325.709, -447.474
0.706, 6.87364, 105.374, -42.0581, 144.231, 324.913, -446.009
0.707, 6.83176, 105.518, -41.734, 143.786, 324.123, -444.557
0.708, 6.7902, 105.661, -41.4106, 143.343, 323.339, -443.117
0.709, 6.74896, 105.805, -41.0881, 142.902, 322.561, -441.69
0.71, 6.70804, 105.947, -40.7663, 142.461, 321.789, -440.275
0.711, 6.66745, 106.089, -40.4453, 142.022, 321.023, -438.873
0.712, 6.62718, 106.231, -40.125, 141.585, 320.263, -437.483
0.713, 6.58722, 106.373, -39.8055, 141.149, 319.508, -436.104
0.714, 6.54759, 106.514, -39.4867, 140.714, 318.759, -434.738
0.715, 6.50828, 106.654, -39.1687, 140.281, 318.016, -433.383
0.716, 6.46928, 106.794, -38.8514, 139.849, 317.278, -432.04
0.717, 6.4306, 106.934, -38.5349, 139.418, 316.545, -430.708
0.718, 6.39223, 107.073, -38.2191, 138.989, 315.817, -429.387
0.719, 6.35418, 107.212, -37.904, 138.56, 315.095, -428.077
0.72, 6.31645, 107.35, -37.5896, 138.134, 314.377, -426.779
0.721, 6.27903, 107.488, -37.2759, 137.708, 313.665, -425.491
0.722, 6.24192, 107.625, -36.963, 137.284, 312.957, -424.214
0.723, 6.20513, 107.763, -36.6507, 136.861, 312.254, -422.947
0.724, 6.16864, 107.899, -36.3392, 136.439, 311.555, -421.691
0.725, 6.13247, 108.035, -36.0283, 136.019, 310.862, -420.445
0.726, 6.09661, 108.171, -35.7181, 135.6, 310.172, -419.21
0.727, 6.06106, 108.307, -35.4087, 135.182, 309.487, -417.984
0.728, 6.02582, 108.442, -35.0998, 134.765, 308.807, -416.769
0.729, 5.99088, 108.576, -34.7917, 134.349, 308.13, -415.563
0.73, 5.95626, 108.71, -34.4843, 133.935, 307.458, -414.367
0.731, 5.92194, 108.844, -34.1775, 133.522, 306.79, -413.18
0.732, 5.88793, 108.977, -33.8713, 133.11, 306.126, -412.003
0.733, 5.85422, 109.11, -33.5659, 132.699, 305.466, -410.835
0.734, 5.82082, 109.243, -33.2611, 132.289, 304.809, -409.677
0.735, 5.78772, 109.375, -32.9569, 131.881, 304.157, -408.527
0.736, 5.75493, 109.506, -32.6534, 131.473, 303.508, -407.387
0.737, 5.72244, 109.638, -32.3505, 131.067, 302.862, -406.255
0.738, 5.69025, 109.769, -32.0483, 130.662, 302.221, -405.133
0.739, 5.65837, 109.899, -31.7467, 130.258, 301.582, -404.019
0.74, 5.62679, 110.029, -31.4458, 129.855, 300.947, -402.913
0.741, 5.5955, 110.159, -31.1455, 129.453, 300.316, -401.816
0.742, 5.56452, 110.288, -30.8458, 129.053, 299.687, -400.727
0.743, 5.53383, 110.417, -30.5467, 128.653, 299.062, -399.647
0.744, 5.50345, 110.545, -30.2483, 128.254, 298.44, -398.575
0.745, 5.47336, 110.673, -29.9505, 127.857, 297.821, -397.511
0.746, 5.44357, 110.801, -29.6533, 127.46, 297.204, -396.455
0.747, 5.41408, 110.928, -29.3567, 127.065, 296.591, -395.406
0.748, 5.38489, 111.055, -29.0607, 126.671, 295.981, -394.366
0.749, 5.35598, 111.181, -28.7653, 126.277, 295.373, -393.333
0.75, 5.32738, 111.308, -28.4706, 125.885, 294.768, -392.308
0.751, 5.29907, 111.433, -28.1764, 125.494, 294.166, -391.29
0.752, 5.27105, 111.559, -27.8828, 125.103, 293.566, -390.279
0.753, 5.24333, 111.683, -27.5899, 124.714, 292.968, -389.276
0.754, 5.2159, 111.808, -27.2975, 124.326, 292.373, -388.281
0.755, 5.18876, 111.932, -27.0057, 123.939, 291.781, -387.292
0.756, 5.16191, 112.056, -26.7145, 123.552, 291.191, -386.31
0.757, 5.13535, 112.179, -26.4239, 123.167, 290.603, -385.335
0.758, 5.10909, 112.302, -26.1339, 122.783, 290.017, -384.368
0.759, 5.08311, 112.425, -25.8445, 122.399, 289.433, -383.407
0.76, 5.05742, 112.547, -25.5556, 122.017, 288.851, -382.452
0.761, 5.03203, 112.669, -25.2673, 121.635, 288.272, -381.504
0.762, 5.00691, 112.79, -24.9796, 121.255, 287.694, -380.563
0.763, 4.98209, 112.911, -24.6925, 120.875, 287.118, -379.628
0.764, 4.95755, 113.032, -24.406, 120.496, 286.544, -378.7
0.765, 4.9333, 113.152, -24.12, 120.118, 285.972, -377.778
0.766, 4.90934, 113.272, -23.8346, 119.742, 285.401, -376.862
0.767, 4.88566, 113.392, -23.5498, 119.366, 284.832, -375.953
0.768, 4.86227, 113.511, -23.2655, 118.991, 284.264, -375.049
0.769, 4.83915, 113.63, -22.9818, 118.616, 283.699, -374.151
0.77, 4.81633, 113.748, -22.6987, 118.243, 283.134, -373.26
0.771, 4.79378, 113.866, -22.4161, 117.871, 282.571, -372.374
0.772, 4.77152, 113.984, -22.1341, 117.499, 282.01, -371.494
0.773, 4.74954, 114.101, -21.8526, 117.129, 281.449, -370.619
0.774, 4.72784, 114.218, -21.5718, 116.759, 280.89, -369.75
0.775, 4.70642, 114.335, -21.2914, 116.39, 280.332, -368.887
0.776, 4.68528, 114.451, -21.0116, 116.022, 279.775, -368.029
0.777, 4.66442, 114.567, -20.7324, 115.655, 279.22, -367.177
0.778, 4.64384, 114.682, -20.4538, 115.289, 278.665, -366.33
0.779, 4.62354, 114.797, -20.1757, 114.923, 278.111, -365.488
0.78, 4.60352, 114.912, -19.8981, 114.558, 277.559, -364.652
0.781, 4.58377, 115.026, -19.6211, 114.195, 277.007, -363.82
0.782, 4.5643, 115.14, -19.3446, 113.832, 276.456, -362.994
0.783, 4.54511, 115.254, -19.0687, 113.469, 275.906, -362.173
0.784, 4.52619, 115.367, -18.7934, 113.108, 275.356, -361.357
0.785, 4.50755, 115.48, -18.5186, 112.748, 274.807, -360.545
0.786, 4.48918, 115.593, -18.2443, 112.388, 274.259, -359.738
0.787, 4.47108, 115.705, -17.9706, 112.029, 273.712, -358.937
0.788, 4.45326, 115.817, -17.6974, 111.671, 273.165, -358.139
0.789, 4.43572, 115.928, -17.4248, 111.313, 272.618, -357.347
0.79, 4.41844, 116.039, -17.1527, 110.957, 272.072, -356.559
0.791, 4.40144, 116.15, -16.8812, 110.601, 271.526, -355.775
0.792, 4.3847, 116.261, -16.6102, 110.246, 270.981, -354.996
0.793, 4.36824, 116.371, -16.3398, 109.892, 270.436, -354.222
0.794, 4.35205, 116.48, -16.0699, 109.538, 269.891, -353.451
0.795, 4.33613, 116.59, -15.8006, 109.186, 269.346, -352.685
0.796, 4.32047, 116.699, -15.5318, 108.834, 268.802, -351.924
0.797, 4.30509, 116.807, -15.2635, 108.483, 268.257, -351.166
0.798, 4.28997, 116.916, -14.9958, 108.132, 267.713, -350.412
0.799, 4.27512, 117.024, -14.7286, 107.783, 267.169, -349.663
0.8, 4.26054, 117.131, -14.462, 107.434, 266.624, -348.917
0.801, 4.24623, 117.239, -14.1959, 107.085, 266.08, -348.176
0.802, 4.23218, 117.345, -13.9304, 106.738, 265.536, -347.438
0.803, 4.21839, 117.452, -13.6654, 106.391, 264.991, -346.704
0.804, 4.20487, 117.558, -13.4009, 106.045, 264.446, -345.974
0.805, 4.19162, 117.664, -13.137, 105.7, 263.901, -345.248
0.806, 4.17862, 117.77, -12.8737, 105.356, 263.356, -344.525
0.807, 4.1659, 117.875, -12.6109, 105.012, 262.81, -343.806
0.808, 4.15343, 117.98, -12.3486, 104.669, 262.264, -343.091
0.809, 4.14122, 118.084, -12.0869, 104.326, 261.718, -342.379
0.81, 4.12928, 118.188, -11.8257, 103.985, 261.171, -341.67
0.811, 4.1176, 118.292, -11.5651, 103.644, 260.624, -340.965
0.812, 4.10618, 118.396, -11.305, 103.303, 260.076, -340.263
0.813, 4.09502, 118.499, -11.0455, 102.964, 259.528, -339.565
0.814, 4.08411, 118.601, -10.7865, 102.625, 258.979, -338.87
0.815, 4.07347, 118.704, -10.5281, 102.287, 258.429, -338.178
0.816, 4.06308, 118.806, -10.2702, 101.949, 257.879, -337.489
0.817, 4.05296, 118.908, -10.0129, 101.612, 257.328, -336.803
0.818, 4.04308, 119.009, -9.7561, 101.276, 256.776, -336.121
0.819, 4.03347, 119.11, -9.49988, 100.941, 256.223, -335.441
0.82, 4.02411, 119.211, -9.24421, 100.606, 255.67, -334.765
0.821, 4.01501, 119.311, -8.98909, 100.272, 255.115, -334.091
0.822, 4.00616, 119.412, -8.73453, 99.9386, 254.56, -333.421
0.823, 3.99757, 119.511, -8.48053, 99.6059, 254.004, -332.753
0.824, 3.98922, 119.611, -8.22708, 99.2738, 253.447, -332.088
0.825, 3.98114, 119.71, -7.97419, 98.9423, 252.889, -331.426
0.826, 3.9733, 119.809, -7.72186, 98.6116, 252.33, -330.766
0.827, 3.96572, 119.907, -7.47009, 98.2815, 251.769, -330.109
0.828, 3.95839, 120.005, -7.21888, 97.952, 251.208, -329.455
0.829, 3.95131, 120.103, -6.96824, 97.6232, 250.646, -328.804
0.83, 3.94448, 120.2, -6.71816, 97.2951, 250.082, -328.155
0.831, 3.9379, 120.298, -6.46864, 96.9675, 249.517, -327.508
0.832, 3.93157, 120.394, -6.21969, 96.6407, 248.951, -326.864
0.833, 3.92549, 120.491, -5.97131, 96.3145, 248.383, -326.222
0.834, 3.91965, 120.587, -5.72349, 95.9889, 247.814, -325.583
0.835, 3.91407, 120.683, -5.47625, 95.6639, 247.244, -324.946
0.836, 3.90873, 120.778, -5.22957, 95.3396, 246.673, -324.312
0.837, 3.90363, 120.873, -4.98347, 95.0159, 246.1, -323.68
0.838, 3.89879, 120.968, -4.73795, 94.6929, 245.525, -323.049
0.839, 3.89419, 121.063, -4.493, 94.3705, 244.949, -322.422
0.84, 3.88983, 121.157, -4.24863, 94.0487, 244.372, -321.796
0.841, 3.88572, 121.251, -4.00484, 93.7275, 243.793, -321.172
0.842, 3.88185, 121.345, -3.76162, 93.4069, 243.212, -320.551
0.843, 3.87822, 121.438, -3.51899, 93.087, 242.63, -319.931
0.844, 3.87483, 121.531, -3.27695, 92.7677, 242.046, -319.314
0.845, 3.87169, 121.623, -3.03549, 92.449, 241.461, -318.698
0.846, 3.86879, 121.716, -2.79461, 92.1309, 240.873, -318.085
0.847, 3.86613, 121.808, -2.55433, 91.8134, 240.284, -317.473
0.848, 3.86371, 121.899, -2.31464, 91.4966, 239.694, -316.863
0.849, 3.86153, 121.991, -2.07553, 91.1803, 239.101, -316.255
0.85, 3.85959, 122.082, -1.83703, 90.8647, 238.507, -315.649
0.851, 3.85788, 122.172, -1.59912, 90.5496, 237.911, -315.045
0.852, 3.85641, 122.263, -1.3618, 90.2352, 237.313, -314.442
0.853, 3.85518, 122.353, -1.12509, 89.9213, 236.713, -313.841
0.854, 3.85419, 122.442, -0.888981, 89.6081, 236.111, -313.242
0.855, 3.85343, 122.532, -0.653474, 89.2955, 235.507, -312.644
0.856, 3.85291, 122.621, -0.418573, 88.9834, 234.901, -312.048
0.857, 3.85262, 122.71, -0.184279, 88.672, 234.293, -311.453
0.858, 3.85257, 122.798, 0.0494043, 88.3611, 233.684, -310.86
0.859, 3.85275, 122.887, 0.282476, 88.0508, 233.072, -310.268
0.86, 3.85316, 122.974, 0.514934, 87.7412, 232.458, -309.678
0.861, 3.85381, 123.062, 0.746775, 87.4321, 231.842, -309.09
0.862, 3.85468, 123.149, 0.977999, 87.1236, 231.223, -308.502
0.863, 3.85579, 123.236, 1.2086, 86.8156, 230.603, -307.916
0.864, 3.85713, 123.323, 1.43858, 86.5083, 229.98, -307.332
0.865, 3.85869, 123.409, 1.66794, 86.2016, 229.356, -306.748
0.866, 3.86049, 123.495, 1.89667, 85.8954, 228.729, -306.166
0.867, 3.86252, 123.581, 2.12477, 85.5898, 228.099, -305.586
0.868, 3.86477, 123.666, 2.35223, 85.2848, 227.468, -305.006
0.869, 3.86725, 123.752, 2.57907, 84.9804, 226.834, -304.428
0.87, 3.86995, 123.836, 2.80526, 84.6765, 226.198, -303.85
0.871, 3.87288, 123.921, 3.03082, 84.3733, 225.559, -303.274
0.872, 3.87604, 124.005, 3.25574, 84.0706, 224.918, -302.699
0.873, 3.87942, 124.089, 3.48002, 83.7684, 224.275, -302.125
0.874, 3.88303, 124.173, 3.70365, 83.4669, 223.629, -301.553
0.875, 3.88686, 124.256, 3.92663, 83.1659, 222.981, -300.981
0.876, 3.89091, 124.339, 4.14896, 82.8655, 222.331, -300.41
0.877, 3.89518, 124.422, 4.37064, 82.5656, 221.678, -299.84
0.878, 3.89968, 124.504, 4.59166, 82.2664, 221.022, -299.271
0.879, 3.90439, 124.586, 4.81202, 81.9677, 220.364, -298.703
0.88, 3.90933, 124.668, 5.03173, 81.6695, 219.703, -298.136
0.881, 3.91449, 124.75, 5.25077, 81.372, 219.04, -297.569
0.882, 3.91986, 124.831, 5.46914, 81.075, 218.375, -297.004
0.883, 3.92545, 124.912, 5.68685, 80.7785, 217.706, -296.439
0.884, 3.93126, 124.992, 5.90388, 80.4827, 217.036, -295.875
0.885, 3.93729, 125.073, 6.12024, 80.1873, 216.362, -295.312
0.886, 3.94353, 125.153, 6.33593, 79.8926, 215.686, -294.75
0.887, 3.94999, 125.232, 6.55094, 79.5984, 215.007, -294.188
0.888, 3.95666, 125.312, 6.76526, 79.3048, 214.326, -293.627
0.889, 3.96354, 125.391, 6.97891, 79.0117, 213.642, -293.066
0.89, 3.97064, 125.47, 7.19186, 78.7192, 212.955, -292.507
0.891, 3.97795, 125.548, 7.40413, 78.4273, 212.265, -291.947
0.892, 3.98548, 125.627, 7.6157, 78.1359, 211.573, -291.389
0.893, 3.99321, 125.705, 7.82658, 77.845, 210.878, -290.831
0.894, 4.00116, 125.782, 8.03676, 77.5548, 210.18, -290.273
0.895, 4.00932, 125.86, 8.24624, 77.265, 209.48, -289.717
0.896, 4.01768, 125.937, 8.45501, 76.9759, 208.776, -289.16
0.897, 4.02625, 126.014, 8.66308, 76.6873, 208.07, -288.604
0.898, 4.03503, 126.09, 8.87044, 76.3992, 207.361, -288.049
0.899, 4.04402, 126.167, 9.07709, 76.1117, 206.649, -287.494
0.9, 4.05322, 126.243, 9.28303, 75.8248, 205.935, -286.939
0.901, 4.06261, 126.318, 9.48824, 75.5384, 205.217, -286.385
0.902, 4.07222, 126.394, 9.69274, 75.2526, 204.497, -285.831
0.903, 4.08203, 126.469, 9.89651, 74.9673, 203.773, -285.277
0.904, 4.09204, 126.544, 10.0996, 74.6826, 203.047, -284.724
0.905, 4.10225, 126.618, 10.3019, 74.3984, 202.318, -284.171
0.906, 4.11267, 126.692, 10.5035, 74.1148, 201.586, -283.618
0.907, 4.12329, 126.766, 10.7043, 73.8317, 200.851, -283.066
0.908, 4.13411, 126.84, 10.9044, 73.5492, 200.113, -282.514
0.909, 4.14513, 126.913, 11.1038, 73.2673, 199.373, -281.962
0.91, 4.15634, 126.986, 11.3024, 72.9858, 198.629, -281.41
0.911, 4.16776, 127.059, 11.5003, 72.705, 197.882, -280.859
0.912, 4.17937, 127.132, 11.6974, 72.4247, 197.133, -280.308
0.913, 4.19118, 127.204, 11.8938, 72.1449, 196.38, -279.757
0.914, 4.20319, 127.276, 12.0894, 71.8657, 195.624, -279.206
0.915, 4.21539, 127.348, 12.2843, 71.5871, 194.866, -278.655
0.916, 4.22778, 127.419, 12.4784, 71.309, 194.104, -278.104
0.917, 4.24037, 127.49, 12.6718, 71.0314, 193.34, -277.553
0.918, 4.25315, 127.561, 12.8643, 70.7544, 192.572, -277.003
0.919, 4.26613, 127.632, 13.0561, 70.4779, 191.801, -276.452
0.92, 4.27929, 127.702, 13.2472, 70.202, 191.028, -275.902
0.921, 4.29265, 127.772, 13.4374, 69.9267, 190.251, -275.351
0.922, 4.3062, 127.842, 13.6269, 69.6519, 189.471, -274.801
0.923, 4.31993, 127.912, 13.8156, 69.3776, 188.688, -274.25
0.924, 4.33386, 127.981, 14.0035, 69.1039, 187.903, -273.7
0.925, 4.34797, 128.05, 14.1906, 68.8308, 187.114, -273.149
0.926, 4.36226, 128.119, 14.3769, 68.5582, 186.322, -272.599
0.927, 4.37675, 128.187, 14.5624, 68.2861, 185.527, -272.048
0.928, 4.39142, 128.255, 14.7472, 68.0146, 184.729, -271.497
0.929, 4.40627, 128.323, 14.9311, 67.7437, 183.928, -270.947
0.93, 4.42131, 128.391, 15.1142, 67.4733, 183.124, -270.396
0.931, 4.43653, 128.458, 15.2965, 67.2035, 182.316, -269.845
0.932, 4.45193, 128.525, 15.478, 66.9342, 181.506, -269.293
0.933, 4.46751, 128.592, 15.6587, 66.6654, 180.693, -268.742
0.934, 4.48327, 128.658, 15.8386, 66.3972, 179.877, -268.191
0.935, 4.49921, 128.725, 16.0177, 66.1296, 179.057, -267.639
0.936, 4.51534, 128.791, 16.1959, 65.8625, 178.235, -267.087
0.937, 4.53163, 128.856, 16.3733, 65.596, 177.409, -266.535
0.938, 4.54811, 128.922, 16.5499, 65.33, 176.58, -265.983
0.939, 4.56476, 128.987, 16.7256, 65.0646, 175.749, -265.43
0.94, 4.58159, 129.052, 16.9006, 64.7997, 174.914, -264.877
0.941, 4.59859, 129.117, 17.0746, 64.5354, 174.076, -264.324
0.942, 4.61577, 129.181, 17.2479, 64.2716, 173.235, -263.771
0.943, 4.63311, 129.245, 17.4203, 64.0084, 172.391, -263.218
0.944, 4.65063, 129.309, 17.5918, 63.7457, 171.544, -262.664
0.945, 4.66832, 129.373, 17.7625, 63.4836, 170.694, -262.11
0.946, 4.68619, 129.436, 17.9323, 63.222, 169.841, -261.555
0.947, 4.70422, 129.499, 18.1013, 62.961, 168.985, -261
0.948, 4.72242, 129.562, 18.2694, 62.7006, 168.126, -260.445
0.949, 4.74078, 129.624, 18.4367, 62.4407, 167.263, -259.89
0.95, 4.75932, 129.687, 18.6031, 62.1814, 166.398, -259.334
0.951, 4.77802, 129.749, 18.7686, 61.9226, 165.53, -258.778
0.952, 4.79688, 129.81, 18.9333, 61.6644, 164.658, -258.222
0.953, 4.81591, 129.872, 19.0971, 61.4067, 163.784, -257.665
0.954, 4.8351, 129.933, 19.26, 61.1496, 162.907, -257.108
0.955, 4.85446, 129.994, 19.422, 60.893, 162.027, -256.55
0.956, 4.87398, 130.055, 19.5832, 60.6371, 161.143, -255.992
0.957, 4.89365, 130.116, 19.7434, 60.3816, 160.257, -255.434
0.958, 4.91349, 130.176, 19.9028, 60.1267, 159.368, -254.875
0.959, 4.93349, 130.236, 20.0613, 59.8724, 158.475, -254.316
0.96, 4.95364, 130.296, 20.2188, 59.6187, 157.58, -253.756
0.961, 4.97395, 130.355, 20.3755, 59.3655, 156.682, -253.196
0.962, 4.99442, 130.414, 20.5313, 59.1128, 155.781, -252.636
0.963, 5.01504, 130.473, 20.6862, 58.8608, 154.877, -252.075
0.964, 5.03582, 130.532, 20.8401, 58.6093, 153.97, -251.513
0.965, 5.05675, 130.59, 20.9932, 58.3583, 153.06, -250.952
0.966, 5.07783, 130.649, 21.1454, 58.1079, 152.147, -250.389
0.967, 5.09907, 130.707, 21.2966, 57.8581, 151.232, -249.826
0.968, 5.12045, 130.764, 21.4469, 57.6088, 150.313, -249.263
0.969, 5.14199, 130.822, 21.5963, 57.3601, 149.392, -248.699
0.97, 5.16367, 130.879, 21.7448, 57.112, 148.467, -248.135
0.971, 5.1855, 130.936, 21.8923, 56.8644, 147.54, -247.571
0.972, 5.20748, 130.993, 22.0389, 56.6174, 146.61, -247.005
0.973, 5.22961, 131.049, 22.1846, 56.371, 145.677, -246.44
0.974, 5.25188, 131.106, 22.3293, 56.1251, 144.742, -245.873
0.975, 5.2743, 131.162, 22.4731, 55.8798, 143.804, -245.307
0.976, 5.29685, 131.217, 22.616, 55.6351, 142.862, -244.74
0.977, 5.31955, 131.273, 22.7579, 55.3909, 141.918, -244.172
0.978, 5.3424, 131.328, 22.8989, 55.1473, 140.972, -243.604
0.979, 5.36538, 131.383, 23.0389, 54.9042, 140.022, -243.035
0.98, 5.3885, 131.438, 23.178, 54.6618, 139.07, -242.465
0.981, 5.41176, 131.492, 23.3161, 54.4199, 138.115, -241.896
0.982, 5.43516, 131.547, 23.4532, 54.1786, 137.158, -241.325
0.983, 5.4587, 131.601, 23.5894, 53.9378, 136.198, -240.754
0.984, 5.48237, 131.655, 23.7247, 53.6976, 135.235, -240.183
0.985, 5.50617, 131.708, 23.8589, 53.458, 134.269, -239.611
0.986, 5.53011, 131.761, 23.9922, 53.219, 133.301, -239.038
0.987, 5.55418, 131.815, 24.1246, 52.9805, 132.331, -238.465
0.988, 5.57839, 131.867, 24.2559, 52.7426, 131.357, -237.892
0.989, 5.60272, 131.92, 24.3863, 52.5053, 130.381, -237.318
0.99, 5.62719, 131.972, 24.5157, 52.2686, 129.403, -236.743
0.991, 5.65178, 132.025, 24.6441, 52.0324, 128.422, -236.168
0.992, 5.6765, 132.076, 24.7716, 51.7968, 127.438, -235.592
0.993, 5.70135, 132.128, 24.898, 51.5618, 126.453, -235.016
0.994, 5.72633, 132.18, 25.0235, 51.3273, 125.464, -234.439
0.995, 5.75143, 132.231, 25.148, 51.0935, 124.473, -233.861
0.996, 5.77665, 132.282, 25.2715, 50.8602, 123.48, -233.284
0.997, 5.802, 132.333, 25.3939, 50.6275, 122.484, -232.705
0.998, 5.82746, 132.383, 25.5154, 50.3954, 121.486, -232.126
0.999, 5.85305, 132.433, 25.6359, 50.1638, 120.485, -231.546
1, 5.87876, 132.483, 25.7554, 49.9329, 119.483, -230.966
1.001, 5.90459, 132.533, 25.8739, 49.7025, 118.477, -230.386
1.002, 5.93054, 132.583, 25.9913, 49.4727, 117.47, -229.804
1.003, 5.9566, 132.632, 26.1078, 49.2434, 116.46, -229.223
1.004, 5.98278, 132.681, 26.2232, 49.0148, 115.448, -228.64
1.005, 6.00907, 132.73, 26.3377, 48.7867, 114.434, -228.058
1.006, 6.03548, 132.779, 26.4511, 48.5593, 113.417, -227.474
1.007, 6.062, 132.827, 26.5635, 48.3324, 112.399, -226.89
1.008, 6.08864, 132.875, 26.6749, 48.1061, 111.378, -226.306
1.009, 6.11538, 132.923, 26.7852, 47.8803, 110.355, -225.721
1.01, 6.14223, 132.971, 26.8946, 47.6552, 109.33, -225.136
1.011, 6.1692, 133.019, 27.0029, 47.4307, 108.302, -224.55
1.012, 6.19627, 133.066, 27.1101, 47.2067, 107.273, -223.963
1.013, 6.22344, 133.113, 27.2164, 46.9833, 106.242, -223.376
1.014, 6.25072, 133.16, 27.3216, 46.7605, 105.208, -222.789
1.015, 6.27811, 133.207, 27.4258, 46.5383, 104.173, -222.201
1.016, 6.3056, 133.253, 27.5289, 46.3167, 103.136, -221.612
1.017, 6.3332, 133.299, 27.631, 46.0957, 102.096, -221.023
1.018, 6.36089, 133.345, 27.732, 45.8753, 101.055, -220.433
1.019, 6.38869, 133.391, 27.8321, 45.6554, 100.012, -219.843
1.02, 6.41658, 133.437, 27.931, 45.4362, 98.9669, -219.253
1.021, 6.44458, 133.482, 28.0289, 45.2175, 97.92, -218.662
1.022, 6.47267, 133.527, 28.1258, 44.9994, 96.8714, -218.071
1.023, 6.50085, 133.572, 28.2216, 44.782, 95.821, -217.479
1.024, 6.52914, 133.617, 28.3164, 44.5651, 94.7688, -216.886
1.025, 6.55751, 133.661, 28.4101, 44.3488, 93.7149, -216.293
1.026, 6.58598, 133.705, 28.5028, 44.1331, 92.6592, -215.7
1.027, 6.61454, 133.749, 28.5944, 43.918, 91.6019, -215.106
1.028, 6.6432, 133.793, 28.6849, 43.7035, 90.543, -214.512
1.029, 6.67194, 133.837, 28.7744, 43.4895, 89.4824, -213.917
1.03, 6.70077, 133.88, 28.8628, 43.2762, 88.4202, -213.322
1.031, 6.72969, 133.923, 28.9502, 43.0635, 87.3565, -212.727
1.032, 6.7587, 133.966, 29.0365, 42.8514, 86.2912, -212.131
1.033, 6.78779, 134.009, 29.1217, 42.6398, 85.2245, -211.535
1.034, 6.81697, 134.051, 29.2059, 42.4289, 84.1563, -210.938
1.035, 6.84623, 134.094, 29.2889, 42.2186, 83.0866, -210.341
1.036, 6.87557, 134.136, 29.371, 42.0088, 82.0155, -209.743
1.037, 6.905, 134.178, 29.4519, 41.7997, 80.943, -209.146
1.038, 6.9345, 134.219, 29.5318, 41.5911, 79.8692, -208.547
1.039, 6.96409, 134.261, 29.6106, 41.3832, 78.794, -207.949
1.04, 6.99375, 134.302, 29.6883, 41.1758, 77.7176, -207.35
1.041, 7.02349, 134.343, 29.7649, 40.9691, 76.6398, -206.75
1.042, 7.0533, 134.384, 29.8405, 40.7629, 75.5609, -206.151
1.043, 7.08319, 134.425, 29.915, 40.5574, 74.4807, -205.551
1.044, 7.11316, 134.465, 29.9884, 40.3524, 73.3994, -204.95
1.045, 7.1432, 134.505, 30.0607, 40.1481, 72.317, -204.35
1.046, 7.17331, 134.545, 30.1319, 39.9443, 71.2334, -203.749
1.047, 7.20349, 134.585, 30.2021, 39.7412, 70.1488, -203.147
1.048, 7.23374, 134.625, 30.2711, 39.5386, 69.0631, -202.546
1.049, 7.26405, 134.664, 30.3391, 39.3367, 67.9764, -201.944
1.05, 7.29444, 134.704, 30.406, 39.1353, 66.8887, -201.342
1.051, 7.32489, 134.743, 30.4718, 38.9346, 65.8001, -200.739
1.052, 7.35541, 134.781, 30.5365, 38.7345, 64.7106, -200.137
1.053, 7.38599, 134.82, 30.6001, 38.5349, 63.6202, -199.534
1.054, 7.41663, 134.859, 30.6626, 38.336, 62.5289, -198.931
1.055, 7.44734, 134.897, 30.7241, 38.1377, 61.4368, -198.327
1.056, 7.47811, 134.935, 30.7844, 37.9399, 60.344, -197.724
1.057, 7.50893, 134.973, 30.8437, 37.7428, 59.2504, -197.12
1.058, 7.53982, 135.01, 30.9018, 37.5463, 58.156, -196.516
1.059, 7.57076, 135.048, 30.9589, 37.3504, 57.061, -195.912
1.06, 7.60176, 135.085, 31.0149, 37.1551, 55.9653, -195.307
1.061, 7.63282, 135.122, 31.0697, 36.9604, 54.869, -194.703
1.062, 7.66393, 135.159, 31.1235, 36.7663, 53.7722, -194.098
1.063, 7.69509, 135.196, 31.1762, 36.5728, 52.6747, -193.493
1.064, 7.7263, 135.232, 31.2278, 36.3799, 51.5768, -192.889
1.065, 7.75757, 135.268, 31.2782, 36.1876, 50.4784, -192.283
1.066, 7.78889, 135.304, 31.3276, 35.9959, 49.3795, -191.678
1.067, 7.82025, 135.34, 31.3759, 35.8049, 48.2802, -191.073
1.068, 7.85166, 135.376, 31.4231, 35.6144, 47.1805, -190.468
1.069, 7.88312, 135.412, 31.4692, 35.4245, 46.0805, -189.862
1.07, 7.91462, 135.447, 31.5141, 35.2353, 44.9802, -189.257
1.071, 7.94617, 135.482, 31.558, 35.0466, 43.8796, -188.651
1.072, 7.97777, 135.517, 31.6008, 34.8586, 42.7787, -188.045
1.073, 8.0094, 135.552, 31.6425, 34.6711, 41.6776, -187.44
1.074, 8.04107, 135.586, 31.683, 34.4843, 40.5764, -186.834
1.075, 8.07279, 135.621, 31.7225, 34.2981, 39.475, -186.228
1.076, 8.10454, 135.655, 31.7609, 34.1125, 38.3734, -185.623
1.077, 8.13634, 135.689, 31.7982, 33.9274, 37.2719, -185.017
1.078, 8.16816, 135.723, 31.8343, 33.743, 36.1702, -184.412
1.079, 8.20003, 135.756, 31.8694, 33.5592, 35.0686, -183.806
1.08, 8.23193, 135.79, 31.9034, 33.376, 33.967, -183.2
1.081, 8.26386, 135.823, 31.9362, 33.1934, 32.8655, -182.595
1.082, 8.29582, 135.856, 31.968, 33.0114, 31.764, -181.99
1.083, 8.32782, 135.889, 31.9987, 32.8301, 30.6627, -181.384
1.084, 8.35985, 135.922, 32.0282, 32.6493, 29.5616, -180.779
1.085, 8.3919, 135.954, 32.0567, 32.4691, 28.4606, -180.174
1.086, 8.42398, 135.987, 32.084, 32.2895, 27.3599, -179.569
1.087, 8.45609, 136.019, 32.1103, 32.1106, 26.2595, -178.964
1.088, 8.48823, 136.051, 32.1355, 31.9322, 25.1594, -178.36
1.089, 8.52039, 136.083, 32.1595, 31.7545, 24.0596, -177.755
1.09, 8.55257, 136.114, 32.1825, 31.5773, 22.9602, -177.151
1.091, 8.58478, 136.146, 32.2043, 31.4008, 21.8612, -176.547
1.092, 8.617, 136.177, 32.2251, 31.2248, 20.7626, -175.943
1.093, 8.64925, 136.208, 32.2448, 31.0495, 19.6645, -175.339
1.094, 8.68152, 136.239, 32.2633, 30.8747, 18.567, -174.736
1.095, 8.7138, 136.27, 32.2808, 30.7006, 17.4699, -174.132
1.096, 8.7461, 136.301, 32.2972, 30.5271, 16.3735, -173.529
1.097, 8.77842, 136.331, 32.3125, 30.3542, 15.2777, -172.927
1.098, 8.81075, 136.361, 32.3266, 30.1818, 14.1825, -172.324
1.099, 8.84309, 136.392, 32.3397, 30.0101, 13.088, -171.722
1.1, 8.87545, 136.421, 32.3517, 29.839, 11.9942, -171.121
1.101, 8.90782, 136.451, 32.3626, 29.6685, 10.9012, -170.519
1.102, 8.9402, 136.481, 32.3724, 29.4986, 9.80897, -169.918
1.103, 8.97259, 136.51, 32.3812, 29.3292, 8.71756, -169.317
1.104, 9.00499, 136.539, 32.3888, 29.1605, 7.62701, -168.717
1.105, 9.03739, 136.569, 32.3953, 28.9924, 6.53735, -168.117
1.106, 9.0698, 136.597, 32.4008, 28.8249, 5.44861, -167.517
1.107, 9.10221, 136.626, 32.4051, 28.658, 4.36083, -166.918
1.108, 9.13463, 136.655, 32.4084, 28.4916, 3.27404, -166.32
1.109, 9.16705, 136.683, 32.4106, 28.3259, 2.18827, -165.721
1.11, 9.19948, 136.711, 32.4117, 28.1608, 1.10357, -165.123
1.111, 9.2319, 136.739, 32.4117, 27.9963, 0.0199589, -164.526
1.112, 9.26432, 136.767, 32.4106, 27.8323, -1.06252, -163.929
1.113, 9.29674, 136.795, 32.4085, 27.669, -2.14385, -163.333
1.114, 9.32916, 136.823, 32.4053, 27.5063, -3.22398, -162.737
1.115, 9.36158, 136.85, 32.401, 27.3441, -4.30288, -162.142
1.116, 9.39399, 136.877, 32.3956, 27.1826, -5.38052, -161.547
1.117, 9.42639, 136.904, 32.3891, 27.0216, -6.45686, -160.953
1.118, 9.45879, 136.931, 32.3816, 26.8613, -7.53188, -160.359
1.119, 9.49118, 136.958, 32.373, 26.7015, -8.60554, -159.766
1.12, 9.52355, 136.985, 32.3633, 26.5423, -9.67781, -159.174
1.121, 9.55592, 137.011, 32.3526, 26.3838, -10.7487, -158.582
1.122, 9.58828, 137.038, 32.3408, 26.2258, -11.818, -157.991
1.123, 9.62063, 137.064, 32.3279, 26.0684, -12.8859, -157.4
1.124, 9.65296, 137.09, 32.3139, 25.9116, -13.9523, -156.81
1.125, 9.68528, 137.116, 32.2989, 25.7553, -15.0171, -156.221
1.126, 9.71758, 137.141, 32.2828, 25.5997, -16.0803, -155.632
1.127, 9.74986, 137.167, 32.2657, 25.4447, -17.1419, -155.044
1.128, 9.78213, 137.192, 32.2475, 25.2902, -18.2019, -154.457
1.129, 9.81438, 137.217, 32.2282, 25.1363, -19.2602, -153.871
1.13, 9.84661, 137.242, 32.2079, 24.983, -20.3167, -153.285
1.131, 9.87882, 137.267, 32.1865, 24.8303, -21.3715, -152.701
1.132, 9.911, 137.292, 32.1641, 24.6782, -22.4245, -152.116
1.133, 9.94317, 137.317, 32.1406, 24.5267, -23.4757, -151.533
1.134, 9.97531, 137.341, 32.1161, 24.3757, -24.5251, -150.951
1.135, 10.0074, 137.365, 32.0905, 24.2254, -25.5726, -150.369
1.136, 10.0395, 137.389, 32.0639, 24.0756, -26.6182, -149.788
1.137, 10.0716, 137.413, 32.0363, 23.9264, -27.6619, -149.208
1.138, 10.1036, 137.437, 32.0075, 23.7777, -28.7036, -148.629
1.139, 10.1356, 137.461, 31.9778, 23.6297, -29.7432, -148.051
1.14, 10.1676, 137.485, 31.947, 23.4822, -30.7809, -147.474
1.141, 10.1995, 137.508, 31.9152, 23.3353, -31.8165, -146.897
1.142, 10.2314, 137.531, 31.8824, 23.189, -32.8501, -146.322
1.143, 10.2633, 137.554, 31.8485, 23.0433, -33.8815, -145.747
1.144, 10.2951, 137.577, 31.8136, 22.8981, -34.9107, -145.173
1.145, 10.327, 137.6, 31.7776, 22.7535, -35.9378, -144.601
1.146, 10.3587, 137.623, 31.7407, 22.6095, -36.9627, -144.029
1.147, 10.3905, 137.645, 31.7027, 22.466, -37.9853, -143.459
1.148, 10.4222, 137.668, 31.6637, 22.3231, -39.0057, -142.889
1.149, 10.4538, 137.69, 31.6236, 22.1808, -40.0238, -142.32
1.15, 10.4854, 137.712, 31.5826, 22.039, -41.0395, -141.753
1.151, 10.517, 137.734, 31.5406, 21.8978, -42.0529, -141.186
1.152, 10.5485, 137.756, 31.4975, 21.7572, -43.064, -140.621
1.153, 10.58, 137.778, 31.4534, 21.6172, -44.0726, -140.057
1.154, 10.6114, 137.799, 31.4083, 21.4777, -45.0788, -139.493
1.155, 10.6428, 137.821, 31.3623, 21.3387, -46.0825, -138.931
1.156, 10.6742, 137.842, 31.3152, 21.2004, -47.0837, -138.37
1.157, 10.7055, 137.863, 31.2671, 21.0626, -48.0824, -137.81
1.158, 10.7367, 137.884, 31.218, 20.9253, -49.0786, -137.252
1.159, 10.7679, 137.905, 31.1679, 20.7886, -50.0722, -136.694
1.16, 10.7991, 137.925, 31.1169, 20.6525, -51.0631, -136.138
1.161, 10.8302, 137.946, 31.0648, 20.5169, -52.0515, -135.583
1.162, 10.8613, 137.966, 31.0118, 20.3819, -53.0372, -135.029
1.163, 10.8922, 137.987, 30.9578, 20.2474, -54.0202, -134.476
1.164, 10.9232, 138.007, 30.9028, 20.1135, -55.0005, -133.925
1.165, 10.9541, 138.027, 30.8468, 19.9801, -55.978, -133.375
1.166, 10.9849, 138.047, 30.7898, 19.8473, -56.9528, -132.826
1.167, 11.0157, 138.067, 30.7319, 19.715, -57.9249, -132.279
1.168, 11.0464, 138.086, 30.673, 19.5833, -58.8941, -131.732
1.169, 11.077, 138.106, 30.6132, 19.4521, -59.8604, -131.187
1.17, 11.1076, 138.125, 30.5523, 19.3214, -60.8239, -130.644
1.171, 11.1382, 138.145, 30.4906, 19.1913, -61.7845, -130.102
1.172, 11.1686, 138.164, 30.4278, 19.0618, -62.7422, -129.561
1.173, 11.199, 138.183, 30.3641, 18.9327, -63.697, -129.021
1.174, 11.2294, 138.201, 30.2995, 18.8043, -64.6487, -128.483
1.175, 11.2596, 138.22, 30.2339, 18.6763, -65.5975, -127.946
1.176, 11.2899, 138.239, 30.1673, 18.5489, -66.5433, -127.411
1.177, 11.32, 138.257, 30.0998, 18.422, -67.4861, -126.877
1.178, 11.3501, 138.276, 30.0314, 18.2957, -68.4258, -126.345
1.179, 11.3801, 138.294, 29.962, 18.1699, -69.3624, -125.814
1.18, 11.41, 138.312, 29.8918, 18.0446, -70.2959, -125.284
1.181, 11.4399, 138.33, 29.8205, 17.9198, -71.2262, -124.756
1.182, 11.4697, 138.348, 29.7484, 17.7956, -72.1534, -124.23
1.183, 11.4994, 138.366, 29.6753, 17.6719, -73.0775, -123.705
1.184, 11.529, 138.383, 29.6013, 17.5487, -73.9983, -123.181
1.185, 11.5586, 138.401, 29.5264, 17.426, -74.9159, -122.66
1.186, 11.5881, 138.418, 29.4506, 17.3039, -75.8303, -122.139
1.187, 11.6175, 138.435, 29.3738, 17.1823, -76.7414, -121.62
1.188, 11.6469, 138.452, 29.2962, 17.0612, -77.6492, -121.103
1.189, 11.6762, 138.469, 29.2176, 16.9406, -78.5537, -120.588
1.19, 11.7053, 138.486, 29.1382, 16.8205, -79.4549, -120.074
1.191, 11.7344, 138.503, 29.0578, 16.701, -80.3527, -119.561
1.192, 11.7635, 138.52, 28.9766, 16.5819, -81.2472, -119.051
1.193, 11.7924, 138.536, 28.8944, 16.4634, -82.1382, -118.542
1.194, 11.8213, 138.553, 28.8114, 16.3453, -83.0259, -118.034
1.195, 11.8501, 138.569, 28.7275, 16.2278, -83.9101, -117.528
1.196, 11.8787, 138.585, 28.6427, 16.1108, -84.7908, -117.024
1.197, 11.9074, 138.601, 28.557, 15.9943, -85.6681, -116.522
1.198, 11.9359, 138.617, 28.4705, 15.8782, -86.5419, -116.021
1.199, 11.9643, 138.633, 28.3831, 15.7627, -87.4121, -115.522
1.2, 11.9927, 138.649, 28.2948, 15.6477, -88.2788, -115.025
1.201, 12.0209, 138.664, 28.2056, 15.5332, -89.142, -114.53
1.202, 12.0491, 138.68, 28.1156, 15.4191, -90.0016, -114.036
1.203, 12.0772, 138.695, 28.0248, 15.3056, -90.8576, -113.544
1.204, 12.1052, 138.71, 27.9331, 15.1925, -91.71, -113.054
1.205, 12.1331, 138.725, 27.8405, 15.08, -92.5588, -112.566
1.206, 12.1609, 138.74, 27.7471, 14.9679, -93.4039, -112.08
1.207, 12.1886, 138.755, 27.6529, 14.8563, -94.2453, -111.595
1.208, 12.2162, 138.77, 27.5578, 14.7452, -95.0831, -111.112
1.209, 12.2437, 138.785, 27.4619, 14.6345, -95.9171, -110.631
1.21, 12.2711, 138.799, 27.3651, 14.5244, -96.7475, -110.152
1.211, 12.2984, 138.814, 27.2675, 14.4147, -97.5741, -109.675
1.212, 12.3257, 138.828, 27.1691, 14.3055, -98.3969, -109.2
1.213, 12.3528, 138.842, 27.0699, 14.1968, -99.216, -108.726
1.214, 12.3798, 138.857, 26.9699, 14.0885, -100.031, -108.255
1.215, 12.4068, 138.871, 26.8691, 13.9807, -100.843, -107.785
1.216, 12.4336, 138.884, 26.7674, 13.8734, -101.65, -107.318
1.217, 12.4603, 138.898, 26.665, 13.7666, -102.454, -106.852
1.218, 12.4869, 138.912, 26.5617, 13.6602, -103.254, -106.388
1.219, 12.5134, 138.926, 26.4576, 13.5543, -104.05, -105.926
1.22, 12.5399, 138.939, 26.3528, 13.4488, -104.843, -105.467
1.221, 12.5662, 138.952, 26.2472, 13.3438, -105.631, -105.009
1.222, 12.5924, 138.966, 26.1408, 13.2392, -106.415, -104.553
1.223, 12.6185, 138.979, 26.0336, 13.1351, -107.196, -104.099
1.224, 12.6444, 138.992, 25.9256, 13.0315, -107.972, -103.648
1.225, 12.6703, 139.005, 25.8168, 12.9283, -108.745, -103.198
1.226, 12.6961, 139.018, 25.7073, 12.8255, -109.514, -102.75
1.227, 12.7218, 139.031, 25.5971, 12.7232, -110.278, -102.305
1.228, 12.7473, 139.043, 25.486, 12.6214, -111.039, -101.861
1.229, 12.7727, 139.056, 25.3742, 12.52, -111.795, -101.42
1.23, 12.7981, 139.068, 25.2617, 12.419, -112.548, -100.981
1.231, 12.8233, 139.081, 25.1484, 12.3184, -113.296, -100.543
1.232, 12.8484, 139.093, 25.0343, 12.2183, -114.041, -100.108
1.233, 12.8734, 139.105, 24.9196, 12.1186, -114.781, -99.6753
1.234, 12.8982, 139.117, 24.804, 12.0194, -115.518, -99.2445
1.235, 12.923, 139.129, 24.6878, 11.9206, -116.25, -98.8158
1.236, 12.9476, 139.141, 24.5708, 11.8222, -116.978, -98.3893
1.237, 12.9721, 139.153, 24.4531, 11.7242, -117.702, -97.9649
1.238, 12.9965, 139.165, 24.3347, 11.6267, -118.422, -97.5427
1.239, 13.0208, 139.176, 24.2155, 11.5296, -119.137, -97.1228
1.24, 13.045, 139.188, 24.0957, 11.4329, -119.849, -96.705
1.241, 13.069, 139.199, 23.9751, 11.3366, -120.556, -96.2894
1.242, 13.0929, 139.21, 23.8539, 11.2407, -121.26, -95.876
1.243, 13.1167, 139.221, 23.7319, 11.1452, -121.958, -95.4649
1.244, 13.1404, 139.233, 23.6093, 11.0502, -122.653, -95.056
1.245, 13.164, 139.244, 23.4859, 10.9555, -123.344, -94.6494
1.246, 13.1874, 139.254, 23.3619, 10.8613, -124.03, -94.245
1.247, 13.2107, 139.265, 23.2372, 10.7674, -124.712, -93.8429
1.248, 13.2339, 139.276, 23.1118, 10.674, -125.39, -93.443
1.249, 13.257, 139.287, 22.9857, 10.5809, -126.064, -93.0455
1.25, 13.2799, 139.297, 22.859, 10.4883, -126.733, -92.6502
1.251, 13.3027, 139.308, 22.7316, 10.396, -127.398, -92.2573
1.252, 13.3254, 139.318, 22.6035, 10.3042, -128.059, -91.8667
1.253, 13.3479, 139.328, 22.4748, 10.2127, -128.715, -91.4784
1.254, 13.3703, 139.338, 22.3455, 10.1216, -129.367, -91.0924
1.255, 13.3926, 139.348, 22.2154, 10.0309, -130.015, -90.7088
1.256, 13.4148, 139.358, 22.0848, 9.94057, -130.659, -90.3275
1.257, 13.4368, 139.368, 21.9535, 9.85062, -131.298, -89.9486
1.258, 13.4587, 139.378, 21.8216, 9.76105, -131.933, -89.572
1.259, 13.4804, 139.388, 21.689, 9.67185, -132.563, -89.1978
1.26, 13.5021, 139.397, 21.5558, 9.58302, -133.189, -88.8261
1.261, 13.5236, 139.407, 21.422, 9.49457, -133.811, -88.4567
1.262, 13.5449, 139.416, 21.2876, 9.40648, -134.428, -88.0897
1.263, 13.5662, 139.426, 21.1525, 9.31875, -135.041, -87.7251
1.264, 13.5872, 139.435, 21.0169, 9.23139, -135.65, -87.363
1.265, 13.6082, 139.444, 20.8806, 9.14438, -136.254, -87.0033
1.266, 13.629, 139.453, 20.7438, 9.05774, -136.854, -86.646
1.267, 13.6497, 139.462, 20.6063, 8.97145, -137.449, -86.2911
1.268, 13.6702, 139.471, 20.4683, 8.88551, -138.04, -85.9388
1.269, 13.6906, 139.48, 20.3296, 8.79992, -138.626, -85.5888
1.27, 13.7109, 139.489, 20.1904, 8.71468, -139.208, -85.2414
1.271, 13.731, 139.498, 20.0507, 8.62978, -139.786, -84.8964
1.272, 13.751, 139.506, 19.9103, 8.54523, -140.359, -84.5539
1.273, 13.7709, 139.515, 19.7694, 8.46101, -140.927, -84.2139
1.274, 13.7906, 139.523, 19.6279, 8.37714, -141.492, -83.8764
1.275, 13.8101, 139.531, 19.4858, 8.2936, -142.051, -83.5415
1.276, 13.8296, 139.54, 19.3432, 8.21039, -142.606, -83.209
1.277, 13.8488, 139.548, 19.2001, 8.12751, -143.157, -82.8791
1.278, 13.868, 139.556, 19.0564, 8.04496, -143.703, -82.5516
1.279, 13.887, 139.564, 18.9121, 7.96273, -144.245, -82.2268
1.28, 13.9058, 139.572, 18.7673, 7.88083, -144.782, -81.9044
1.281, 13.9245, 139.58, 18.622, 7.79924, -145.315, -81.5847
1.282, 13.9431, 139.587, 18.4762, 7.71797, -145.843, -81.2675
1.283, 13.9615, 139.595, 18.3298, 7.63702, -146.366, -80.9528
1.284, 13.9797, 139.603, 18.1829, 7.55638, -146.885, -80.6407
1.285, 13.9978, 139.61, 18.0355, 7.47605, -147.4, -80.3313
1.286, 14.0158, 139.618, 17.8876, 7.39602, -147.91, -80.0243
1.287, 14.0336, 139.625, 17.7392, 7.3163, -148.415, -79.72
1.288, 14.0513, 139.632, 17.5903, 7.23689, -148.916, -79.4183
1.289, 14.0688, 139.639, 17.4409, 7.15777, -149.412, -79.1192
1.29, 14.0862, 139.647, 17.291, 7.07894, -149.904, -78.8227
1.291, 14.1034, 139.654, 17.1406, 7.00041, -150.391, -78.5289
1.292, 14.1205, 139.661, 16.9897, 6.92218, -150.873, -78.2377
1.293, 14.1374, 139.667, 16.8383, 6.84423, -151.351, -77.949
1.294, 14.1542, 139.674, 16.6865, 6.76656, -151.825, -77.6631
1.295, 14.1708, 139.681, 16.5342, 6.68919, -152.294, -77.3798
1.296, 14.1872, 139.688, 16.3815, 6.61209, -152.758, -77.0991
1.297, 14.2036, 139.694, 16.2283, 6.53526, -153.217, -76.8211
1.298, 14.2197, 139.701, 16.0746, 6.45872, -153.672, -76.5458
1.299, 14.2357, 139.707, 15.9205, 6.38245, -154.123, -76.2731
1.3, 14.2516, 139.713, 15.7659, 6.30644, -154.568, -76.0031
1.301, 14.2672, 139.72, 15.6109, 6.23071, -155.009, -75.7358
1.302, 14.2828, 139.726, 15.4554, 6.15524, -155.446, -75.4712
1.303, 14.2982, 139.732, 15.2996, 6.08003, -155.878, -75.2092
1.304, 14.3134, 139.738, 15.1433, 6.00508, -156.305, -74.95
1.305, 14.3285, 139.744, 14.9865, 5.93038, -156.728, -74.6935
1.306, 14.3434, 139.75, 14.8294, 5.85594, -157.145, -74.4396
1.307, 14.3581, 139.756, 14.6718, 5.78176, -157.559, -74.1885
1.308, 14.3727, 139.761, 14.5139, 5.70782, -157.967, -73.9402
1.309, 14.3872, 139.767, 14.3555, 5.63412, -158.371, -73.6945
1.31, 14.4014, 139.773, 14.1967, 5.56067, -158.771, -73.4516
1.311, 14.4156, 139.778, 14.0375, 5.48746, -159.165, -73.2114
1.312, 14.4295, 139.784, 13.878, 5.41448, -159.556, -72.9739
1.313, 14.4433, 139.789, 13.7181, 5.34174, -159.941, -72.7392
1.314, 14.457, 139.794, 13.5577, 5.26924, -160.322, -72.5073
1.315, 14.4705, 139.8, 13.397, 5.19696, -160.698, -72.2781
1.316, 14.4838, 139.805, 13.236, 5.12491, -161.069, -72.0517
1.317, 14.4969, 139.81, 13.0745, 5.05308, -161.436, -71.828
1.318, 14.5099, 139.815, 12.9127, 4.98147, -161.798, -71.6071
1.319, 14.5228, 139.82, 12.7506, 4.91008, -162.155, -71.389
1.32, 14.5354, 139.825, 12.5881, 4.83891, -162.508, -71.1736
1.321, 14.5479, 139.829, 12.4252, 4.76795, -162.856, -70.9611
1.322, 14.5603, 139.834, 12.262, 4.6972, -163.199, -70.7513
1.323, 14.5725, 139.839, 12.0985, 4.62665, -163.538, -70.5443
1.324, 14.5845, 139.843, 11.9346, 4.55631, -163.872, -70.3401
1.325, 14.5964, 139.848, 11.7704, 4.48617, -164.201, -70.1387
1.326, 14.608, 139.852, 11.6059, 4.41623, -164.525, -69.9401
1.327, 14.6196, 139.857, 11.441, 4.34649, -164.845, -69.7444
1.328, 14.6309, 139.861, 11.2759, 4.27694, -165.16, -69.5514
1.329, 14.6421, 139.865, 11.1104, 4.20758, -165.471, -69.3613
1.33, 14.6532, 139.87, 10.9446, 4.1384, -165.777, -69.174
1.331, 14.664, 139.874, 10.7785, 4.06941, -166.078, -68.9895
1.332, 14.6747, 139.878, 10.6122, 4.00061, -166.374, -68.8078
1.333, 14.6853, 139.882, 10.4455, 3.93198, -166.666, -68.629
1.334, 14.6956, 139.886, 10.2786, 3.86352, -166.952, -68.453
1.335, 14.7058, 139.889, 10.1113, 3.79524, -167.235, -68.2798
1.336, 14.7158, 139.893, 9.94381, 3.72713, -167.512, -68.1095
1.337, 14.7257, 139.897, 9.77602, 3.65919, -167.785, -67.942
1.338, 14.7354, 139.9, 9.60797, 3.59142, -168.053, -67.7774
1.339, 14.7449, 139.904, 9.43965, 3.5238, -168.316, -67.6156
1.34, 14.7543, 139.908, 9.27108, 3.45634, -168.575, -67.4567
1.341, 14.7635, 139.911, 9.10225, 3.38904, -168.829, -67.3006
1.342, 14.7725, 139.914, 8.93317, 3.32189, -169.078, -67.1474
1.343, 14.7813, 139.918, 8.76385, 3.2549, -169.322, -66.9971
1.344, 14.79, 139.921, 8.59429, 3.18805, -169.562, -66.8497
1.345, 14.7985, 139.924, 8.42449, 3.12134, -169.797, -66.7051
1.346, 14.8069, 139.927, 8.25446, 3.05478, -170.027, -66.5634
1.347, 14.8151, 139.93, 8.08421, 2.98836, -170.253, -66.4245
1.348, 14.8231, 139.933, 7.91373, 2.92207, -170.474, -66.2886
1.349, 14.8309, 139.936, 7.74304, 2.85591, -170.69, -66.1555
1.35, 14.8385, 139.939, 7.57214, 2.78989, -170.901, -66.0253
1.351, 14.846, 139.941, 7.40104, 2.72399, -171.108, -65.898
1.352, 14.8534, 139.944, 7.22973, 2.65821, -171.31, -65.7736
1.353, 14.8605, 139.947, 7.05822, 2.59256, -171.507, -65.6521
1.354, 14.8675, 139.949, 6.88652, 2.52703, -171.699, -65.5335
1.355, 14.8743, 139.952, 6.71463, 2.46161, -171.887, -65.4177
1.356, 14.8809, 139.954, 6.54256, 2.39631, -172.07, -65.3049
1.357, 14.8874, 139.957, 6.37032, 2.33111, -172.248, -65.195
1.358, 14.8936, 139.959, 6.1979, 2.26602, -172.421, -65.088
1.359, 14.8998, 139.961, 6.02531, 2.20104, -172.59, -64.9838
1.36, 14.9057, 139.963, 5.85255, 2.13616, -172.754, -64.8826
1.361, 14.9115, 139.965, 5.67964, 2.07137, -172.913, -64.7843
1.362, 14.9171, 139.967, 5.50657, 2.00668, -173.068, -64.689
1.363, 14.9225, 139.969, 5.33335, 1.94209, -173.217, -64.5965
1.364, 14.9277, 139.971, 5.15999, 1.87758, -173.362, -64.5069
1.365, 14.9328, 139.973, 4.98649, 1.81316, -173.502, -64.4203
1.366, 14.9377, 139.975, 4.81285, 1.74882, -173.638, -64.3366
1.367, 14.9424, 139.977, 4.63908, 1.68457, -173.769, -64.2558
1.368, 14.947, 139.978, 4.46519, 1.62039, -173.895, -64.1779
1.369, 14.9514, 139.98, 4.29117, 1.55629, -174.016, -64.103
1.37, 14.9556, 139.981, 4.11704, 1.49226, -174.132, -64.031
1.371, 14.9596, 139.983, 3.94279, 1.42829, -174.244, -63.9619
1.372, 14.9635, 139.984, 3.76844, 1.3644, -174.351, -63.8957
1.373, 14.9671, 139.986, 3.59399, 1.30057, -174.453, -63.8325
1.374, 14.9707, 139.987, 3.41944, 1.23679, -174.551, -63.7721
1.375, 14.974, 139.988, 3.2448, 1.17308, -174.644, -63.7148
1.376, 14.9771, 139.989, 3.07006, 1.10942, -174.732, -63.6603
1.377, 14.9801, 139.99, 2.89525, 1.04581, -174.815, -63.6088
1.378, 14.9829, 139.991, 2.72036, 0.982249, -174.894, -63.5602
1.379, 14.9856, 139.992, 2.54539, 0.918734, -174.967, -63.5146
1.38, 14.988, 139.993, 2.37035, 0.855262, -175.036, -63.4719
1.381, 14.9903, 139.994, 2.19525, 0.79183, -175.101, -63.4321
1.382, 14.9924, 139.995, 2.02009, 0.728435, -175.16, -63.3953
1.383, 14.9944, 139.995, 1.84488, 0.665074, -175.215, -63.3614
1.384, 14.9961, 139.996, 1.66961, 0.601743, -175.265, -63.3305
1.385, 14.9977, 139.997, 1.4943, 0.538441, -175.31, -63.3025
1.386, 14.9991, 139.997, 1.31895, 0.475163, -175.35, -63.2774
1.387, 15.0003, 139.998, 1.14356, 0.411908, -175.386, -63.2553
1.388, 15.0014, 139.998, 0.968148, 0.348672, -175.417, -63.2361
1.389, 15.0023, 139.998, 0.792704, 0.285452, -175.443, -63.2199
1.39, 15.003, 139.999, 0.617239, 0.222245, -175.465, -63.2066
1.391, 15.0035, 139.999, 0.441758, 0.159049, -175.482, -63.1962
1.392, 15.0039, 139.999, 0.266264, 0.0958601, -175.494, -63.1888
1.393, 15.004, 139.999, 0.0907636, 0.0326758, -175.501, -63.1844
